2026-07-02T10:08:08.063365Z  INFO herdr::api::server: api server listening path=/Users/bdumesnildot/.config/herdr/herdr.sock
2026-07-02T10:08:08.064318Z  INFO herdr::app: using pane scrollback configuration pane_scrollback_limit_bytes=10000000
2026-07-02T10:08:08.076238Z  INFO herdr::logging: checking for updates event="update.check.start" subsystem="update" outcome="started"
2026-07-02T10:08:08.076956Z  INFO herdr::logging: spawning pane terminal event="pane.spawn.start" subsystem="pane" outcome="started" pane_id=1 rows=24 cols=80 scrollback_limit_bytes=10000000
2026-07-02T10:08:08.083667Z  INFO herdr::logging: pane child spawned event="pane.spawned" subsystem="pane" outcome="ok" pane_id=1 pid=30606
2026-07-02T10:08:08.084449Z  INFO herdr::logging: workspace created event="workspace.create" subsystem="workspace" outcome="ok" workspace_id="w1" pane_id=1
2026-07-02T10:08:08.084469Z  INFO herdr::logging: workspace focused event="workspace.focus" subsystem="workspace" outcome="ok" workspace_id="w1"
2026-07-02T10:08:08.084510Z  INFO herdr::logging: tab focused event="tab.focus" subsystem="tab" outcome="ok" workspace_id="w1" tab_id="w1:t1"
2026-07-02T10:08:08.084528Z  INFO herdr::server::headless: created startup workspace cwd=/Users/bdumesnildot/dev/pragma-project
2026-07-02T10:08:08.084650Z  INFO herdr::server::headless: client protocol socket listening path=/Users/bdumesnildot/.config/herdr/herdr-client.sock
2026-07-02T10:08:08.084680Z  INFO herdr::server::headless: herdr server started api_socket=/Users/bdumesnildot/.config/herdr/herdr.sock client_socket=/Users/bdumesnildot/.config/herdr/herdr-client.sock
2026-07-02T10:08:08.084719Z  INFO herdr::logging: herdr starting event="app.startup" subsystem="server" outcome="started" pid=30589
2026-07-02T10:08:08.340601Z  INFO herdr::server::headless: client connected client_id=2 cols=185 rows=51 cell_width_px=0 cell_height_px=0 render_encoding=SemanticFrame
2026-07-02T10:08:13.089156Z  INFO herdr::logging: session saved event="persist.save" subsystem="persist" outcome="ok" path=/Users/bdumesnildot/.config/herdr/session.json workspaces=1
2026-07-02T10:08:32.338609Z  INFO herdr::server::headless: server shutdown initiated
2026-07-02T10:08:32.391570Z  INFO herdr::server::headless: completing server shutdown
2026-07-02T10:08:32.442397Z  INFO herdr::logging: session saved event="persist.save" subsystem="persist" outcome="ok" path=/Users/bdumesnildot/.config/herdr/session.json workspaces=1
2026-07-02T10:08:32.442413Z  INFO herdr::server::headless: headless server exiting
2026-07-02T10:08:32.444040Z  INFO herdr::logging: pane child exited event="pane.exit" subsystem="pane" outcome="completed" pane_id=1 status="ExitStatus { code: 1, signal: None }"
2026-07-02T10:08:32.466356Z  INFO herdr::pane: pane session terminated pane=1 pid=30606 signal=Hangup
2026-07-02T10:08:32.466686Z  INFO herdr::logging: herdr exiting event="app.shutdown" subsystem="server" outcome="completed" pid=30589
2026-07-02T10:10:04.534484Z  INFO herdr::api::server: api server listening path=/Users/bdumesnildot/.config/herdr/herdr.sock
2026-07-02T10:10:04.540815Z  INFO herdr::logging: spawning pane terminal event="pane.spawn.start" subsystem="pane" outcome="started" pane_id=1 rows=24 cols=80 scrollback_limit_bytes=10000000
2026-07-02T10:10:04.547050Z  INFO herdr::logging: pane child spawned event="pane.spawned" subsystem="pane" outcome="ok" pane_id=1 pid=31644
2026-07-02T10:10:04.548546Z  INFO herdr::logging: session restore evaluated event="persist.restore" subsystem="persist" outcome="ok" workspaces=1
2026-07-02T10:10:04.548612Z  INFO herdr::app: using pane scrollback configuration pane_scrollback_limit_bytes=10000000
2026-07-02T10:10:04.578594Z  INFO herdr::logging: checking for updates event="update.check.start" subsystem="update" outcome="started"
2026-07-02T10:10:04.579836Z  INFO herdr::server::headless: restored session already has workspaces; ignoring startup cwd cwd=/Users/bdumesnildot
2026-07-02T10:10:04.580137Z  INFO herdr::server::headless: client protocol socket listening path=/Users/bdumesnildot/.config/herdr/herdr-client.sock
2026-07-02T10:10:04.580166Z  INFO herdr::server::headless: herdr server started api_socket=/Users/bdumesnildot/.config/herdr/herdr.sock client_socket=/Users/bdumesnildot/.config/herdr/herdr-client.sock
2026-07-02T10:10:04.580203Z  INFO herdr::logging: herdr starting event="app.startup" subsystem="server" outcome="started" pid=31643
2026-07-02T10:10:04.583574Z  INFO herdr::server::headless: client connected client_id=2 cols=185 rows=53 cell_width_px=0 cell_height_px=0 render_encoding=SemanticFrame
2026-07-02T10:11:58.163176Z  INFO herdr::logging: integration action finished event="integration.action" subsystem="integration" outcome="ok" action="install" target="opencode"
2026-07-02T10:12:03.172063Z  INFO herdr::logging: session saved event="persist.save" subsystem="persist" outcome="ok" path=/Users/bdumesnildot/.config/herdr/session.json workspaces=1
2026-07-02T10:21:41.824898Z  INFO herdr::server::headless: server shutdown initiated
2026-07-02T10:21:41.883089Z  INFO herdr::server::headless: completing server shutdown
2026-07-02T10:21:41.938867Z  INFO herdr::logging: session saved event="persist.save" subsystem="persist" outcome="ok" path=/Users/bdumesnildot/.config/herdr/session.json workspaces=1
2026-07-02T10:21:41.938886Z  INFO herdr::server::headless: headless server exiting
2026-07-02T10:21:41.940755Z  INFO herdr::logging: pane child exited event="pane.exit" subsystem="pane" outcome="completed" pane_id=1 status="ExitStatus { code: 1, signal: None }"
2026-07-02T10:21:41.960492Z  INFO herdr::pane: pane session terminated pane=1 pid=31644 signal=Hangup
2026-07-02T10:21:41.961027Z  INFO herdr::logging: herdr exiting event="app.shutdown" subsystem="server" outcome="completed" pid=31643
2026-07-02T10:21:43.535049Z  INFO herdr::api::server: api server listening path=/Users/bdumesnildot/.config/herdr/herdr.sock
2026-07-02T10:21:43.535638Z  INFO herdr::logging: spawning pane terminal event="pane.spawn.start" subsystem="pane" outcome="started" pane_id=1 rows=24 cols=80 scrollback_limit_bytes=10000000
2026-07-02T10:21:43.539925Z  INFO herdr::logging: pane child spawned event="pane.spawned" subsystem="pane" outcome="ok" pane_id=1 pid=37173
2026-07-02T10:21:43.540413Z  INFO herdr::logging: session restore evaluated event="persist.restore" subsystem="persist" outcome="ok" workspaces=1
2026-07-02T10:21:43.540445Z  INFO herdr::app: using pane scrollback configuration pane_scrollback_limit_bytes=10000000
2026-07-02T10:21:43.561952Z  INFO herdr::logging: checking for updates event="update.check.start" subsystem="update" outcome="started"
2026-07-02T10:21:43.561978Z  INFO herdr::server::headless: restored session already has workspaces; ignoring startup cwd cwd=/Users/bdumesnildot
2026-07-02T10:21:43.562097Z  INFO herdr::server::headless: client protocol socket listening path=/Users/bdumesnildot/.config/herdr/herdr-client.sock
2026-07-02T10:21:43.562112Z  INFO herdr::server::headless: herdr server started api_socket=/Users/bdumesnildot/.config/herdr/herdr.sock client_socket=/Users/bdumesnildot/.config/herdr/herdr-client.sock
2026-07-02T10:21:43.562132Z  INFO herdr::logging: herdr starting event="app.startup" subsystem="server" outcome="started" pid=37172
2026-07-02T10:21:43.583212Z  INFO herdr::server::headless: client connected client_id=2 cols=185 rows=53 cell_width_px=0 cell_height_px=0 render_encoding=SemanticFrame
2026-07-02T10:21:51.817999Z  INFO herdr::logging: spawning pane terminal event="pane.spawn.start" subsystem="pane" outcome="started" pane_id=2 rows=52 cols=159 scrollback_limit_bytes=10000000
2026-07-02T10:21:51.826150Z  INFO herdr::logging: pane child spawned event="pane.spawned" subsystem="pane" outcome="ok" pane_id=2 pid=37422
2026-07-02T10:21:51.826721Z  INFO herdr::logging: workspace created event="workspace.create" subsystem="workspace" outcome="ok" workspace_id="w2" pane_id=2
2026-07-02T10:21:51.826746Z  INFO herdr::logging: workspace focused event="workspace.focus" subsystem="workspace" outcome="ok" workspace_id="w2"
2026-07-02T10:21:51.826763Z  INFO herdr::logging: tab focused event="tab.focus" subsystem="tab" outcome="ok" workspace_id="w2" tab_id="w2:t1"
2026-07-02T10:21:53.687569Z  INFO herdr::logging: workspace focused event="workspace.focus" subsystem="workspace" outcome="ok" workspace_id="w2"
2026-07-02T10:21:53.688336Z  INFO herdr::logging: tab focused event="tab.focus" subsystem="tab" outcome="ok" workspace_id="w2" tab_id="w2:t1"
2026-07-02T10:21:57.333680Z  INFO herdr::logging: workspace focused event="workspace.focus" subsystem="workspace" outcome="ok" workspace_id="w1"
2026-07-02T10:21:57.333813Z  INFO herdr::logging: tab focused event="tab.focus" subsystem="tab" outcome="ok" workspace_id="w1" tab_id="w1:t1"
2026-07-02T10:22:02.337244Z  INFO herdr::logging: session saved event="persist.save" subsystem="persist" outcome="ok" path=/Users/bdumesnildot/.config/herdr/session.json workspaces=2
2026-07-02T10:22:19.225675Z  INFO herdr::logging: workspace renamed event="workspace.rename" subsystem="workspace" outcome="ok" workspace_id="w1"
2026-07-02T10:22:20.894338Z  INFO herdr::logging: workspace focused event="workspace.focus" subsystem="workspace" outcome="ok" workspace_id="w2"
2026-07-02T10:22:20.894382Z  INFO herdr::logging: tab focused event="tab.focus" subsystem="tab" outcome="ok" workspace_id="w2" tab_id="w2:t1"
2026-07-02T10:22:25.898842Z  INFO herdr::logging: session saved event="persist.save" subsystem="persist" outcome="ok" path=/Users/bdumesnildot/.config/herdr/session.json workspaces=2
2026-07-02T10:22:44.399359Z  INFO herdr::logging: workspace focused event="workspace.focus" subsystem="workspace" outcome="ok" workspace_id="w2"
2026-07-02T10:22:44.400526Z  INFO herdr::logging: tab focused event="tab.focus" subsystem="tab" outcome="ok" workspace_id="w2" tab_id="w2:t1"
2026-07-02T10:22:49.405264Z  INFO herdr::logging: session saved event="persist.save" subsystem="persist" outcome="ok" path=/Users/bdumesnildot/.config/herdr/session.json workspaces=2
2026-07-02T10:23:01.691294Z  INFO herdr::logging: workspace renamed event="workspace.rename" subsystem="workspace" outcome="ok" workspace_id="w2"
2026-07-02T10:23:04.919883Z  INFO herdr::logging: workspace focused event="workspace.focus" subsystem="workspace" outcome="ok" workspace_id="w1"
2026-07-02T10:23:04.920159Z  INFO herdr::logging: tab focused event="tab.focus" subsystem="tab" outcome="ok" workspace_id="w1" tab_id="w1:t1"
2026-07-02T10:23:05.632356Z  INFO herdr::logging: workspace focused event="workspace.focus" subsystem="workspace" outcome="ok" workspace_id="w2"
2026-07-02T10:23:05.632511Z  INFO herdr::logging: tab focused event="tab.focus" subsystem="tab" outcome="ok" workspace_id="w2" tab_id="w2:t1"
2026-07-02T10:23:06.277370Z  INFO herdr::logging: workspace focused event="workspace.focus" subsystem="workspace" outcome="ok" workspace_id="w1"
2026-07-02T10:23:06.277560Z  INFO herdr::logging: tab focused event="tab.focus" subsystem="tab" outcome="ok" workspace_id="w1" tab_id="w1:t1"
2026-07-02T10:23:11.281762Z  INFO herdr::logging: session saved event="persist.save" subsystem="persist" outcome="ok" path=/Users/bdumesnildot/.config/herdr/session.json workspaces=2
2026-07-02T10:23:19.828416Z  INFO herdr::logging: session saved event="persist.save" subsystem="persist" outcome="ok" path=/Users/bdumesnildot/.config/herdr/session.json workspaces=2
2026-07-02T10:26:27.834730Z  INFO herdr::pane: agent changed pane=1 previous_agent=None agent=Some(OpenCode) process=opencode pgid=Some(37897)
2026-07-02T10:26:39.148891Z  INFO herdr::logging: spawning pane terminal event="pane.spawn.start" subsystem="pane" outcome="started" pane_id=3 rows=52 cols=159 scrollback_limit_bytes=10000000
2026-07-02T10:26:39.157784Z  INFO herdr::logging: pane child spawned event="pane.spawned" subsystem="pane" outcome="ok" pane_id=3 pid=38590
2026-07-02T10:26:39.158099Z  INFO herdr::logging: tab focused event="tab.focus" subsystem="tab" outcome="ok" workspace_id="w1" tab_id="w1:t2"
2026-07-02T10:26:39.158138Z  INFO herdr::logging: tab created event="tab.create" subsystem="tab" outcome="ok" workspace_id="w1" tab_id="w1:t2" pane_id=3
2026-07-02T10:26:41.891726Z  INFO herdr::logging: tab focused event="tab.focus" subsystem="tab" outcome="ok" workspace_id="w1" tab_id="w1:t1"
2026-07-02T10:26:46.901686Z  INFO herdr::logging: session saved event="persist.save" subsystem="persist" outcome="ok" path=/Users/bdumesnildot/.config/herdr/session.json workspaces=2
2026-07-02T10:27:05.534004Z  INFO herdr::pane: agent changed pane=1 previous_agent=None agent=Some(OpenCode) process=opencode pgid=Some(37897)
2026-07-02T10:27:07.640318Z  INFO herdr::logging: tab focused event="tab.focus" subsystem="tab" outcome="ok" workspace_id="w1" tab_id="w1:t2"
2026-07-02T10:27:12.640391Z  INFO herdr::logging: session saved event="persist.save" subsystem="persist" outcome="ok" path=/Users/bdumesnildot/.config/herdr/session.json workspaces=2
2026-07-02T10:27:20.290607Z  INFO herdr::logging: tab focused event="tab.focus" subsystem="tab" outcome="ok" workspace_id="w1" tab_id="w1:t1"
2026-07-02T10:27:25.294858Z  INFO herdr::logging: session saved event="persist.save" subsystem="persist" outcome="ok" path=/Users/bdumesnildot/.config/herdr/session.json workspaces=2
2026-07-02T10:27:32.626712Z  INFO herdr::logging: tab focused event="tab.focus" subsystem="tab" outcome="ok" workspace_id="w1" tab_id="w1:t2"
2026-07-02T10:27:37.633390Z  INFO herdr::logging: session saved event="persist.save" subsystem="persist" outcome="ok" path=/Users/bdumesnildot/.config/herdr/session.json workspaces=2
2026-07-02T10:27:41.124949Z  INFO herdr::logging: workspace focused event="workspace.focus" subsystem="workspace" outcome="ok" workspace_id="w2"
2026-07-02T10:27:41.125108Z  INFO herdr::logging: tab focused event="tab.focus" subsystem="tab" outcome="ok" workspace_id="w2" tab_id="w2:t1"
2026-07-02T10:27:42.151249Z  INFO herdr::logging: workspace focused event="workspace.focus" subsystem="workspace" outcome="ok" workspace_id="w1"
2026-07-02T10:27:42.151417Z  INFO herdr::logging: tab focused event="tab.focus" subsystem="tab" outcome="ok" workspace_id="w1" tab_id="w1:t2"
2026-07-02T10:27:47.155426Z  INFO herdr::logging: session saved event="persist.save" subsystem="persist" outcome="ok" path=/Users/bdumesnildot/.config/herdr/session.json workspaces=2
2026-07-02T10:27:47.174652Z  INFO herdr::logging: tab focused event="tab.focus" subsystem="tab" outcome="ok" workspace_id="w1" tab_id="w1:t1"
2026-07-02T10:27:49.493426Z  INFO herdr::logging: workspace focused event="workspace.focus" subsystem="workspace" outcome="ok" workspace_id="w2"
2026-07-02T10:27:49.493572Z  INFO herdr::logging: tab focused event="tab.focus" subsystem="tab" outcome="ok" workspace_id="w2" tab_id="w2:t1"
2026-07-02T10:27:54.499269Z  INFO herdr::logging: session saved event="persist.save" subsystem="persist" outcome="ok" path=/Users/bdumesnildot/.config/herdr/session.json workspaces=2
2026-07-02T10:27:58.244343Z  INFO herdr::pane: agent changed pane=2 previous_agent=None agent=Some(OpenCode) process=opencode pgid=Some(38823)
2026-07-02T10:28:03.111537Z  INFO herdr::logging: workspace focused event="workspace.focus" subsystem="workspace" outcome="ok" workspace_id="w1"
2026-07-02T10:28:03.112374Z  INFO herdr::logging: tab focused event="tab.focus" subsystem="tab" outcome="ok" workspace_id="w1" tab_id="w1:t1"
2026-07-02T10:28:08.117310Z  INFO herdr::logging: session saved event="persist.save" subsystem="persist" outcome="ok" path=/Users/bdumesnildot/.config/herdr/session.json workspaces=2
2026-07-02T11:56:41.776387Z  INFO herdr::logging: workspace focused event="workspace.focus" subsystem="workspace" outcome="ok" workspace_id="w2"
2026-07-02T11:56:41.778490Z  INFO herdr::logging: tab focused event="tab.focus" subsystem="tab" outcome="ok" workspace_id="w2" tab_id="w2:t1"
2026-07-02T11:56:42.363470Z  INFO herdr::logging: workspace focused event="workspace.focus" subsystem="workspace" outcome="ok" workspace_id="w1"
2026-07-02T11:56:42.363561Z  INFO herdr::logging: tab focused event="tab.focus" subsystem="tab" outcome="ok" workspace_id="w1" tab_id="w1:t1"
2026-07-02T11:56:47.371755Z  INFO herdr::logging: session saved event="persist.save" subsystem="persist" outcome="ok" path=/Users/bdumesnildot/.config/herdr/session.json workspaces=2
2026-07-02T11:57:05.179974Z  INFO herdr::pane: agent changed pane=1 previous_agent=Some(OpenCode) agent=None pgid=Some(37173)
2026-07-02T11:57:09.049906Z  INFO herdr::server::headless: server shutdown initiated
2026-07-02T11:57:09.104751Z  INFO herdr::server::headless: completing server shutdown
2026-07-02T11:57:09.156699Z  INFO herdr::logging: session saved event="persist.save" subsystem="persist" outcome="ok" path=/Users/bdumesnildot/.config/herdr/session.json workspaces=2
2026-07-02T11:57:09.156720Z  INFO herdr::server::headless: headless server exiting
2026-07-02T11:57:09.161759Z  INFO herdr::logging: pane child exited event="pane.exit" subsystem="pane" outcome="completed" pane_id=3 status="ExitStatus { code: 1, signal: None }"
2026-07-02T11:57:09.179626Z  INFO herdr::pane: pane session terminated pane=3 pid=38590 signal=Hangup
2026-07-02T11:57:09.181713Z  INFO herdr::logging: pane child exited event="pane.exit" subsystem="pane" outcome="completed" pane_id=1 status="ExitStatus { code: 1, signal: None }"
2026-07-02T11:57:09.205114Z  INFO herdr::pane: pane session terminated pane=1 pid=37173 signal=Hangup
2026-07-02T11:57:09.733018Z  INFO herdr::logging: pane child exited event="pane.exit" subsystem="pane" outcome="completed" pane_id=2 status="ExitStatus { code: 1, signal: Some(\"Killed: 9\") }"
2026-07-02T11:57:09.755389Z  INFO herdr::pane: pane session terminated pane=2 pid=37422 signal=Kill
2026-07-02T11:57:09.758018Z  INFO herdr::logging: herdr exiting event="app.shutdown" subsystem="server" outcome="completed" pid=37172
2026-07-02T11:57:10.741727Z  INFO herdr::api::server: api server listening path=/Users/bdumesnildot/.config/herdr/herdr.sock
2026-07-02T11:57:10.742986Z  INFO herdr::logging: spawning pane terminal event="pane.spawn.start" subsystem="pane" outcome="started" pane_id=1 rows=24 cols=80 scrollback_limit_bytes=10000000
2026-07-02T11:57:10.749586Z  INFO herdr::logging: pane child spawned event="pane.spawned" subsystem="pane" outcome="ok" pane_id=1 pid=40178
2026-07-02T11:57:10.749875Z  INFO herdr::logging: spawning pane terminal event="pane.spawn.start" subsystem="pane" outcome="started" pane_id=2 rows=24 cols=80 scrollback_limit_bytes=10000000
2026-07-02T11:57:10.753374Z  INFO herdr::logging: pane child spawned event="pane.spawned" subsystem="pane" outcome="ok" pane_id=2 pid=40179
2026-07-02T11:57:10.754072Z  INFO herdr::logging: spawning pane terminal event="pane.spawn.start" subsystem="pane" outcome="started" pane_id=3 rows=24 cols=80 scrollback_limit_bytes=10000000
2026-07-02T11:57:10.757266Z  INFO herdr::logging: pane child spawned event="pane.spawned" subsystem="pane" outcome="ok" pane_id=3 pid=40180
2026-07-02T11:57:10.757758Z  INFO herdr::logging: session restore evaluated event="persist.restore" subsystem="persist" outcome="ok" workspaces=2
2026-07-02T11:57:10.757777Z  INFO herdr::app: using pane scrollback configuration pane_scrollback_limit_bytes=10000000
2026-07-02T11:57:10.787467Z  INFO herdr::logging: checking for updates event="update.check.start" subsystem="update" outcome="started"
2026-07-02T11:57:10.788873Z  INFO herdr::server::headless: restored session already has workspaces; ignoring startup cwd cwd=/Users/bdumesnildot
2026-07-02T11:57:10.789036Z  INFO herdr::server::headless: client protocol socket listening path=/Users/bdumesnildot/.config/herdr/herdr-client.sock
2026-07-02T11:57:10.789054Z  INFO herdr::server::headless: herdr server started api_socket=/Users/bdumesnildot/.config/herdr/herdr.sock client_socket=/Users/bdumesnildot/.config/herdr/herdr-client.sock
2026-07-02T11:57:10.789073Z  INFO herdr::logging: herdr starting event="app.startup" subsystem="server" outcome="started" pid=40177
2026-07-02T11:57:11.046421Z  INFO herdr::server::headless: client connected client_id=2 cols=185 rows=53 cell_width_px=0 cell_height_px=0 render_encoding=SemanticFrame
2026-07-02T11:57:20.337073Z  INFO herdr::logging: pane child exited event="pane.exit" subsystem="pane" outcome="completed" pane_id=1 status="ExitStatus { code: 130, signal: None }"
2026-07-02T11:57:20.337298Z  INFO herdr::pane: pane session terminated pane=1 pid=40178 signal=Hangup
2026-07-02T11:57:25.338733Z  INFO herdr::logging: session saved event="persist.save" subsystem="persist" outcome="ok" path=/Users/bdumesnildot/.config/herdr/session.json workspaces=2
2026-07-02T12:15:44.555185Z  INFO herdr::logging: workspace focused event="workspace.focus" subsystem="workspace" outcome="ok" workspace_id="w2"
2026-07-02T12:15:44.555839Z  INFO herdr::logging: tab focused event="tab.focus" subsystem="tab" outcome="ok" workspace_id="w2" tab_id="w2:t1"
2026-07-02T12:15:47.434324Z  INFO herdr::logging: workspace focused event="workspace.focus" subsystem="workspace" outcome="ok" workspace_id="w1"
2026-07-02T12:15:47.434539Z  INFO herdr::logging: tab focused event="tab.focus" subsystem="tab" outcome="ok" workspace_id="w1" tab_id="w1:t2"
2026-07-02T12:15:48.004540Z  INFO herdr::logging: workspace focused event="workspace.focus" subsystem="workspace" outcome="ok" workspace_id="w2"
2026-07-02T12:15:48.004626Z  INFO herdr::logging: tab focused event="tab.focus" subsystem="tab" outcome="ok" workspace_id="w2" tab_id="w2:t1"
2026-07-02T12:15:56.136605Z  INFO herdr::logging: workspace focused event="workspace.focus" subsystem="workspace" outcome="ok" workspace_id="w1"
2026-07-02T12:15:56.137870Z  INFO herdr::logging: tab focused event="tab.focus" subsystem="tab" outcome="ok" workspace_id="w1" tab_id="w1:t2"
2026-07-02T12:16:01.142474Z  INFO herdr::logging: session saved event="persist.save" subsystem="persist" outcome="ok" path=/Users/bdumesnildot/.config/herdr/session.json workspaces=2
2026-07-02T12:17:53.564648Z  INFO herdr::server::headless: server shutdown initiated
2026-07-02T12:17:53.623496Z  INFO herdr::server::headless: completing server shutdown
2026-07-02T12:17:53.685935Z  INFO herdr::logging: session saved event="persist.save" subsystem="persist" outcome="ok" path=/Users/bdumesnildot/.config/herdr/session.json workspaces=2
2026-07-02T12:17:53.685970Z  INFO herdr::server::headless: headless server exiting
2026-07-02T12:17:53.699366Z  INFO herdr::logging: pane child exited event="pane.exit" subsystem="pane" outcome="completed" pane_id=3 status="ExitStatus { code: 1, signal: None }"
2026-07-02T12:17:53.711242Z  INFO herdr::pane: pane session terminated pane=3 pid=40180 signal=Hangup
2026-07-02T12:17:53.714639Z  INFO herdr::logging: pane child exited event="pane.exit" subsystem="pane" outcome="completed" pane_id=2 status="ExitStatus { code: 1, signal: None }"
2026-07-02T12:17:53.736519Z  INFO herdr::pane: pane session terminated pane=2 pid=40179 signal=Hangup
2026-07-02T12:17:53.738766Z  INFO herdr::logging: herdr exiting event="app.shutdown" subsystem="server" outcome="completed" pid=40177
2026-07-02T12:25:32.284941Z  INFO herdr::platform::macos: raised server file descriptor soft limit previous=256 target=8192
2026-07-02T12:25:32.285892Z  INFO herdr::api::server: api server listening path=/Users/bdumesnildot/.config/herdr/herdr.sock
2026-07-02T12:25:32.288694Z  INFO herdr::logging: spawning pane terminal event="pane.spawn.start" subsystem="pane" outcome="started" pane_id=1 rows=24 cols=80 scrollback_limit_bytes=10000000
2026-07-02T12:25:32.292392Z  INFO herdr::logging: pane child spawned event="pane.spawned" subsystem="pane" outcome="ok" pane_id=1 pid=42291
2026-07-02T12:25:32.293698Z  INFO herdr::logging: spawning pane terminal event="pane.spawn.start" subsystem="pane" outcome="started" pane_id=2 rows=24 cols=80 scrollback_limit_bytes=10000000
2026-07-02T12:25:32.296105Z  INFO herdr::logging: pane child spawned event="pane.spawned" subsystem="pane" outcome="ok" pane_id=2 pid=42292
2026-07-02T12:25:32.297212Z  INFO herdr::logging: session restore evaluated event="persist.restore" subsystem="persist" outcome="ok" workspaces=2
2026-07-02T12:25:32.297260Z  INFO herdr::app: using pane scrollback configuration pane_scrollback_limit_bytes=10000000
2026-07-02T12:25:32.319372Z  INFO herdr::logging: checking for updates event="update.check.start" subsystem="update" outcome="started"
2026-07-02T12:25:32.320629Z  INFO herdr::server::headless: restored session already has workspaces; ignoring startup cwd cwd=/Users/bdumesnildot
2026-07-02T12:25:32.320952Z  INFO herdr::server::headless: client protocol socket listening path=/Users/bdumesnildot/.config/herdr/herdr-client.sock
2026-07-02T12:25:32.320977Z  INFO herdr::server::headless: herdr server started api_socket=/Users/bdumesnildot/.config/herdr/herdr.sock client_socket=/Users/bdumesnildot/.config/herdr/herdr-client.sock
2026-07-02T12:25:32.321010Z  INFO herdr::logging: herdr starting event="app.startup" subsystem="server" outcome="started" pid=42290
2026-07-02T12:25:32.476452Z  INFO herdr::server::headless: client connected client_id=2 cols=236 rows=59 cell_width_px=0 cell_height_px=0 render_encoding=SemanticFrame
2026-07-02T12:25:37.485789Z  INFO herdr::logging: workspace focused event="workspace.focus" subsystem="workspace" outcome="ok" workspace_id="w2"
2026-07-02T12:25:37.485908Z  INFO herdr::logging: tab focused event="tab.focus" subsystem="tab" outcome="ok" workspace_id="w2" tab_id="w2:t1"
2026-07-02T12:25:37.981385Z  INFO herdr::logging: workspace focused event="workspace.focus" subsystem="workspace" outcome="ok" workspace_id="w1"
2026-07-02T12:25:37.981628Z  INFO herdr::logging: tab focused event="tab.focus" subsystem="tab" outcome="ok" workspace_id="w1" tab_id="w1:t2"
2026-07-02T12:25:42.987301Z  INFO herdr::logging: session saved event="persist.save" subsystem="persist" outcome="ok" path=/Users/bdumesnildot/.config/herdr/session.json workspaces=2
2026-07-02T12:26:00.894153Z  INFO herdr::logging: workspace focused event="workspace.focus" subsystem="workspace" outcome="ok" workspace_id="w2"
2026-07-02T12:26:00.894495Z  INFO herdr::logging: tab focused event="tab.focus" subsystem="tab" outcome="ok" workspace_id="w2" tab_id="w2:t1"
2026-07-02T12:26:02.210577Z  INFO herdr::logging: workspace focused event="workspace.focus" subsystem="workspace" outcome="ok" workspace_id="w1"
2026-07-02T12:26:02.210770Z  INFO herdr::logging: tab focused event="tab.focus" subsystem="tab" outcome="ok" workspace_id="w1" tab_id="w1:t2"
2026-07-02T12:26:07.214776Z  INFO herdr::logging: session saved event="persist.save" subsystem="persist" outcome="ok" path=/Users/bdumesnildot/.config/herdr/session.json workspaces=2
2026-07-02T12:26:16.705940Z  INFO herdr::logging: workspace focused event="workspace.focus" subsystem="workspace" outcome="ok" workspace_id="w2"
2026-07-02T12:26:16.706142Z  INFO herdr::logging: tab focused event="tab.focus" subsystem="tab" outcome="ok" workspace_id="w2" tab_id="w2:t1"
2026-07-02T12:26:19.121660Z  INFO herdr::logging: workspace focused event="workspace.focus" subsystem="workspace" outcome="ok" workspace_id="w1"
2026-07-02T12:26:19.121846Z  INFO herdr::logging: tab focused event="tab.focus" subsystem="tab" outcome="ok" workspace_id="w1" tab_id="w1:t2"
2026-07-02T12:26:24.126138Z  INFO herdr::logging: session saved event="persist.save" subsystem="persist" outcome="ok" path=/Users/bdumesnildot/.config/herdr/session.json workspaces=2
2026-07-02T12:26:25.574612Z  INFO herdr::logging: spawning pane terminal event="pane.spawn.start" subsystem="pane" outcome="started" pane_id=3 rows=58 cols=210 scrollback_limit_bytes=10000000
2026-07-02T12:26:25.583501Z  INFO herdr::logging: pane child spawned event="pane.spawned" subsystem="pane" outcome="ok" pane_id=3 pid=42629
2026-07-02T12:26:25.584503Z  INFO herdr::logging: workspace created event="workspace.create" subsystem="workspace" outcome="ok" workspace_id="w3" pane_id=3
2026-07-02T12:26:25.584529Z  INFO herdr::logging: workspace focused event="workspace.focus" subsystem="workspace" outcome="ok" workspace_id="w3"
2026-07-02T12:26:25.584553Z  INFO herdr::logging: tab focused event="tab.focus" subsystem="tab" outcome="ok" workspace_id="w3" tab_id="w3:t1"
2026-07-02T12:26:27.579418Z  INFO herdr::logging: workspace focused event="workspace.focus" subsystem="workspace" outcome="ok" workspace_id="w3"
2026-07-02T12:26:27.579464Z  INFO herdr::logging: tab focused event="tab.focus" subsystem="tab" outcome="ok" workspace_id="w3" tab_id="w3:t1"
2026-07-02T12:26:32.584009Z  INFO herdr::logging: session saved event="persist.save" subsystem="persist" outcome="ok" path=/Users/bdumesnildot/.config/herdr/session.json workspaces=3
2026-07-02T12:26:32.614262Z  INFO herdr::logging: workspace focused event="workspace.focus" subsystem="workspace" outcome="ok" workspace_id="w1"
2026-07-02T12:26:32.614430Z  INFO herdr::logging: tab focused event="tab.focus" subsystem="tab" outcome="ok" workspace_id="w1" tab_id="w1:t2"
2026-07-02T12:26:33.296854Z  INFO herdr::logging: workspace focused event="workspace.focus" subsystem="workspace" outcome="ok" workspace_id="w3"
2026-07-02T12:26:33.297048Z  INFO herdr::logging: tab focused event="tab.focus" subsystem="tab" outcome="ok" workspace_id="w3" tab_id="w3:t1"
2026-07-02T12:26:34.264422Z  INFO herdr::logging: workspace focused event="workspace.focus" subsystem="workspace" outcome="ok" workspace_id="w1"
2026-07-02T12:26:34.264619Z  INFO herdr::logging: tab focused event="tab.focus" subsystem="tab" outcome="ok" workspace_id="w1" tab_id="w1:t2"
2026-07-02T12:26:35.337860Z  INFO herdr::logging: workspace focused event="workspace.focus" subsystem="workspace" outcome="ok" workspace_id="w3"
2026-07-02T12:26:35.338071Z  INFO herdr::logging: tab focused event="tab.focus" subsystem="tab" outcome="ok" workspace_id="w3" tab_id="w3:t1"
2026-07-02T12:26:43.452939Z  INFO herdr::logging: workspace focused event="workspace.focus" subsystem="workspace" outcome="ok" workspace_id="w1"
2026-07-02T12:26:43.453133Z  INFO herdr::logging: tab focused event="tab.focus" subsystem="tab" outcome="ok" workspace_id="w1" tab_id="w1:t2"
2026-07-02T12:26:48.597353Z  INFO herdr::logging: workspace focused event="workspace.focus" subsystem="workspace" outcome="ok" workspace_id="w3"
2026-07-02T12:26:48.597589Z  INFO herdr::logging: tab focused event="tab.focus" subsystem="tab" outcome="ok" workspace_id="w3" tab_id="w3:t1"
2026-07-02T12:26:53.599410Z  INFO herdr::logging: session saved event="persist.save" subsystem="persist" outcome="ok" path=/Users/bdumesnildot/.config/herdr/session.json workspaces=3
2026-07-02T12:26:54.675138Z  INFO herdr::app::worktrees: opening worktree dialog ws_idx=0 repo_root=/Users/bdumesnildot/dev/pragma-project branch="worktree/silver-harbor-2ca7" checkout_path=/Users/bdumesnildot/.herdr/worktrees/pragma-project/worktree-silver-harbor-2ca7
2026-07-02T12:26:58.505963Z  INFO herdr::logging: workspace focused event="workspace.focus" subsystem="workspace" outcome="ok" workspace_id="w1"
2026-07-02T12:26:58.506174Z  INFO herdr::logging: tab focused event="tab.focus" subsystem="tab" outcome="ok" workspace_id="w1" tab_id="w1:t2"
2026-07-02T12:27:03.508783Z  INFO herdr::logging: session saved event="persist.save" subsystem="persist" outcome="ok" path=/Users/bdumesnildot/.config/herdr/session.json workspaces=3
2026-07-02T12:27:08.035164Z  INFO herdr::logging: workspace focused event="workspace.focus" subsystem="workspace" outcome="ok" workspace_id="w1"
2026-07-02T12:27:08.036301Z  INFO herdr::logging: tab focused event="tab.focus" subsystem="tab" outcome="ok" workspace_id="w1" tab_id="w1:t2"
2026-07-02T12:27:13.053544Z  INFO herdr::logging: session saved event="persist.save" subsystem="persist" outcome="ok" path=/Users/bdumesnildot/.config/herdr/session.json workspaces=3
2026-07-02T12:27:19.439921Z  INFO herdr::logging: spawning pane terminal event="pane.spawn.start" subsystem="pane" outcome="started" pane_id=4 rows=58 cols=210 scrollback_limit_bytes=10000000
2026-07-02T12:27:19.449560Z  INFO herdr::logging: pane child spawned event="pane.spawned" subsystem="pane" outcome="ok" pane_id=4 pid=42832
2026-07-02T12:27:19.450904Z  INFO herdr::logging: workspace created event="workspace.create" subsystem="workspace" outcome="ok" workspace_id="w4" pane_id=4
2026-07-02T12:27:19.450929Z  INFO herdr::logging: workspace focused event="workspace.focus" subsystem="workspace" outcome="ok" workspace_id="w4"
2026-07-02T12:27:19.450969Z  INFO herdr::logging: tab focused event="tab.focus" subsystem="tab" outcome="ok" workspace_id="w4" tab_id="w4:t1"
2026-07-02T12:27:21.018041Z  INFO herdr::logging: workspace focused event="workspace.focus" subsystem="workspace" outcome="ok" workspace_id="w3"
2026-07-02T12:27:21.018335Z  INFO herdr::logging: tab focused event="tab.focus" subsystem="tab" outcome="ok" workspace_id="w3" tab_id="w3:t1"
2026-07-02T12:27:24.200947Z  INFO herdr::logging: workspace focused event="workspace.focus" subsystem="workspace" outcome="ok" workspace_id="w3"
2026-07-02T12:27:24.201136Z  INFO herdr::logging: tab focused event="tab.focus" subsystem="tab" outcome="ok" workspace_id="w3" tab_id="w3:t1"
2026-07-02T12:27:25.722943Z  INFO herdr::logging: workspace focused event="workspace.focus" subsystem="workspace" outcome="ok" workspace_id="w1"
2026-07-02T12:27:25.723151Z  INFO herdr::logging: tab focused event="tab.focus" subsystem="tab" outcome="ok" workspace_id="w1" tab_id="w1:t2"
2026-07-02T12:27:30.731361Z  INFO herdr::logging: session saved event="persist.save" subsystem="persist" outcome="ok" path=/Users/bdumesnildot/.config/herdr/session.json workspaces=4
2026-07-02T12:27:44.340721Z  INFO herdr::logging: spawning pane terminal event="pane.spawn.start" subsystem="pane" outcome="started" pane_id=5 rows=58 cols=210 scrollback_limit_bytes=10000000
2026-07-02T12:27:44.349469Z  INFO herdr::logging: pane child spawned event="pane.spawned" subsystem="pane" outcome="ok" pane_id=5 pid=43022
2026-07-02T12:27:44.352095Z  INFO herdr::logging: workspace created event="workspace.create" subsystem="workspace" outcome="ok" workspace_id="w5" pane_id=5
2026-07-02T12:27:44.352131Z  INFO herdr::logging: workspace focused event="workspace.focus" subsystem="workspace" outcome="ok" workspace_id="w5"
2026-07-02T12:27:44.352189Z  INFO herdr::logging: tab focused event="tab.focus" subsystem="tab" outcome="ok" workspace_id="w5" tab_id="w5:t1"
2026-07-02T12:27:46.121042Z  INFO herdr::logging: workspace focused event="workspace.focus" subsystem="workspace" outcome="ok" workspace_id="w4"
2026-07-02T12:27:46.121263Z  INFO herdr::logging: tab focused event="tab.focus" subsystem="tab" outcome="ok" workspace_id="w4" tab_id="w4:t1"
2026-07-02T12:27:46.610169Z  INFO herdr::logging: workspace focused event="workspace.focus" subsystem="workspace" outcome="ok" workspace_id="w3"
2026-07-02T12:27:46.610391Z  INFO herdr::logging: tab focused event="tab.focus" subsystem="tab" outcome="ok" workspace_id="w3" tab_id="w3:t1"
2026-07-02T12:27:47.189024Z  INFO herdr::logging: workspace focused event="workspace.focus" subsystem="workspace" outcome="ok" workspace_id="w4"
2026-07-02T12:27:47.189239Z  INFO herdr::logging: tab focused event="tab.focus" subsystem="tab" outcome="ok" workspace_id="w4" tab_id="w4:t1"
2026-07-02T12:27:47.533843Z  INFO herdr::logging: workspace focused event="workspace.focus" subsystem="workspace" outcome="ok" workspace_id="w5"
2026-07-02T12:27:47.534022Z  INFO herdr::logging: tab focused event="tab.focus" subsystem="tab" outcome="ok" workspace_id="w5" tab_id="w5:t1"
2026-07-02T12:27:49.356356Z  INFO herdr::logging: workspace focused event="workspace.focus" subsystem="workspace" outcome="ok" workspace_id="w4"
2026-07-02T12:27:49.356612Z  INFO herdr::logging: tab focused event="tab.focus" subsystem="tab" outcome="ok" workspace_id="w4" tab_id="w4:t1"
2026-07-02T12:27:50.264858Z  INFO herdr::logging: workspace focused event="workspace.focus" subsystem="workspace" outcome="ok" workspace_id="w4"
2026-07-02T12:27:50.265081Z  INFO herdr::logging: tab focused event="tab.focus" subsystem="tab" outcome="ok" workspace_id="w4" tab_id="w4:t1"
2026-07-02T12:27:51.035843Z  INFO herdr::logging: workspace focused event="workspace.focus" subsystem="workspace" outcome="ok" workspace_id="w3"
2026-07-02T12:27:51.036030Z  INFO herdr::logging: tab focused event="tab.focus" subsystem="tab" outcome="ok" workspace_id="w3" tab_id="w3:t1"
2026-07-02T12:27:52.371839Z  INFO herdr::logging: workspace focused event="workspace.focus" subsystem="workspace" outcome="ok" workspace_id="w4"
2026-07-02T12:27:52.372513Z  INFO herdr::logging: tab focused event="tab.focus" subsystem="tab" outcome="ok" workspace_id="w4" tab_id="w4:t1"
2026-07-02T12:27:52.865090Z  INFO herdr::logging: workspace focused event="workspace.focus" subsystem="workspace" outcome="ok" workspace_id="w5"
2026-07-02T12:27:52.865409Z  INFO herdr::logging: tab focused event="tab.focus" subsystem="tab" outcome="ok" workspace_id="w5" tab_id="w5:t1"
2026-07-02T12:27:55.477406Z  INFO herdr::logging: workspace focused event="workspace.focus" subsystem="workspace" outcome="ok" workspace_id="w3"
2026-07-02T12:27:55.477623Z  INFO herdr::logging: tab focused event="tab.focus" subsystem="tab" outcome="ok" workspace_id="w3" tab_id="w3:t1"
2026-07-02T12:27:58.207889Z  INFO herdr::logging: workspace closed event="workspace.close" subsystem="workspace" outcome="ok" workspace_id="w3"
2026-07-02T12:28:01.014299Z  INFO herdr::logging: workspace closed event="workspace.close" subsystem="workspace" outcome="ok" workspace_id="w4"
2026-07-02T12:28:04.283392Z  INFO herdr::logging: workspace closed event="workspace.close" subsystem="workspace" outcome="ok" workspace_id="w5"
2026-07-02T12:28:05.743796Z  INFO herdr::logging: workspace focused event="workspace.focus" subsystem="workspace" outcome="ok" workspace_id="w1"
2026-07-02T12:28:05.744024Z  INFO herdr::logging: tab focused event="tab.focus" subsystem="tab" outcome="ok" workspace_id="w1" tab_id="w1:t2"
2026-07-02T12:28:10.750777Z  INFO herdr::logging: session saved event="persist.save" subsystem="persist" outcome="ok" path=/Users/bdumesnildot/.config/herdr/session.json workspaces=2
2026-07-02T12:28:51.501856Z  INFO herdr::logging: workspace renamed event="workspace.rename" subsystem="workspace" outcome="ok" workspace_id="w1"
2026-07-02T12:28:56.509794Z  INFO herdr::logging: session saved event="persist.save" subsystem="persist" outcome="ok" path=/Users/bdumesnildot/.config/herdr/session.json workspaces=2
2026-07-02T12:29:05.825813Z  INFO herdr::logging: workspace renamed event="workspace.rename" subsystem="workspace" outcome="ok" workspace_id="w2"
2026-07-02T12:29:08.741929Z  INFO herdr::logging: spawning pane terminal event="pane.spawn.start" subsystem="pane" outcome="started" pane_id=6 rows=58 cols=210 scrollback_limit_bytes=10000000
2026-07-02T12:29:08.751368Z  INFO herdr::logging: pane child spawned event="pane.spawned" subsystem="pane" outcome="ok" pane_id=6 pid=43214
2026-07-02T12:29:08.754802Z  INFO herdr::logging: workspace created event="workspace.create" subsystem="workspace" outcome="ok" workspace_id="w6" pane_id=6
2026-07-02T12:29:08.754935Z  INFO herdr::logging: workspace focused event="workspace.focus" subsystem="workspace" outcome="ok" workspace_id="w6"
2026-07-02T12:29:08.754984Z  INFO herdr::logging: tab focused event="tab.focus" subsystem="tab" outcome="ok" workspace_id="w6" tab_id="w6:t1"
2026-07-02T12:29:09.313601Z  INFO herdr::logging: pane child exited event="pane.exit" subsystem="pane" outcome="completed" pane_id=3 status="ExitStatus { code: 1, signal: None }"
2026-07-02T12:29:09.336261Z  INFO herdr::pane: pane session terminated pane=3 pid=42629 signal=Hangup
2026-07-02T12:29:09.338595Z  INFO herdr::logging: pane child exited event="pane.exit" subsystem="pane" outcome="completed" pane_id=4 status="ExitStatus { code: 1, signal: None }"
2026-07-02T12:29:09.361816Z  INFO herdr::pane: pane session terminated pane=4 pid=42832 signal=Hangup
2026-07-02T12:29:09.363785Z  INFO herdr::logging: pane child exited event="pane.exit" subsystem="pane" outcome="completed" pane_id=5 status="ExitStatus { code: 1, signal: None }"
2026-07-02T12:29:09.387111Z  INFO herdr::pane: pane session terminated pane=5 pid=43022 signal=Hangup
2026-07-02T12:29:09.387233Z  WARN herdr::app::actions: PaneDied for unknown pane pane=3
2026-07-02T12:29:09.387249Z  WARN herdr::app::actions: PaneDied for unknown pane pane=4
2026-07-02T12:29:09.387255Z  WARN herdr::app::actions: PaneDied for unknown pane pane=5
2026-07-02T12:29:13.766753Z  INFO herdr::logging: session saved event="persist.save" subsystem="persist" outcome="ok" path=/Users/bdumesnildot/.config/herdr/session.json workspaces=3
2026-07-02T12:29:20.781823Z  INFO herdr::logging: workspace renamed event="workspace.rename" subsystem="workspace" outcome="ok" workspace_id="w6"
2026-07-02T12:29:22.948500Z  INFO herdr::logging: spawning pane terminal event="pane.spawn.start" subsystem="pane" outcome="started" pane_id=7 rows=58 cols=210 scrollback_limit_bytes=10000000
2026-07-02T12:29:22.958040Z  INFO herdr::logging: pane child spawned event="pane.spawned" subsystem="pane" outcome="ok" pane_id=7 pid=43403
2026-07-02T12:29:22.958731Z  INFO herdr::logging: workspace created event="workspace.create" subsystem="workspace" outcome="ok" workspace_id="w7" pane_id=7
2026-07-02T12:29:22.958763Z  INFO herdr::logging: workspace focused event="workspace.focus" subsystem="workspace" outcome="ok" workspace_id="w7"
2026-07-02T12:29:22.958795Z  INFO herdr::logging: tab focused event="tab.focus" subsystem="tab" outcome="ok" workspace_id="w7" tab_id="w7:t1"
2026-07-02T12:29:27.968439Z  INFO herdr::logging: session saved event="persist.save" subsystem="persist" outcome="ok" path=/Users/bdumesnildot/.config/herdr/session.json workspaces=4
2026-07-02T12:29:32.872914Z  INFO herdr::logging: workspace renamed event="workspace.rename" subsystem="workspace" outcome="ok" workspace_id="w7"
2026-07-02T12:29:40.472052Z  INFO herdr::logging: session saved event="persist.save" subsystem="persist" outcome="ok" path=/Users/bdumesnildot/.config/herdr/session.json workspaces=4
2026-07-02T12:29:44.914372Z  INFO herdr::logging: spawning pane terminal event="pane.spawn.start" subsystem="pane" outcome="started" pane_id=8 rows=58 cols=210 scrollback_limit_bytes=10000000
2026-07-02T12:29:44.922536Z  INFO herdr::logging: pane child spawned event="pane.spawned" subsystem="pane" outcome="ok" pane_id=8 pid=43592
2026-07-02T12:29:44.923247Z  INFO herdr::logging: workspace created event="workspace.create" subsystem="workspace" outcome="ok" workspace_id="w8" pane_id=8
2026-07-02T12:29:44.923281Z  INFO herdr::logging: workspace focused event="workspace.focus" subsystem="workspace" outcome="ok" workspace_id="w8"
2026-07-02T12:29:44.923317Z  INFO herdr::logging: tab focused event="tab.focus" subsystem="tab" outcome="ok" workspace_id="w8" tab_id="w8:t1"
2026-07-02T12:29:49.937700Z  INFO herdr::logging: session saved event="persist.save" subsystem="persist" outcome="ok" path=/Users/bdumesnildot/.config/herdr/session.json workspaces=5
2026-07-02T12:30:07.704974Z  INFO herdr::logging: workspace focused event="workspace.focus" subsystem="workspace" outcome="ok" workspace_id="w8"
2026-07-02T12:30:07.705207Z  INFO herdr::logging: tab focused event="tab.focus" subsystem="tab" outcome="ok" workspace_id="w8" tab_id="w8:t1"
2026-07-02T12:30:12.710734Z  INFO herdr::logging: session saved event="persist.save" subsystem="persist" outcome="ok" path=/Users/bdumesnildot/.config/herdr/session.json workspaces=5
2026-07-02T12:30:13.738273Z  INFO herdr::logging: workspace closed event="workspace.close" subsystem="workspace" outcome="ok" workspace_id="w8"
2026-07-02T12:30:18.744877Z  INFO herdr::logging: session saved event="persist.save" subsystem="persist" outcome="ok" path=/Users/bdumesnildot/.config/herdr/session.json workspaces=4
2026-07-02T12:30:26.226939Z  INFO herdr::server::headless: client resize client_id=2 cols=185 rows=53 cell_width_px=0 cell_height_px=0
2026-07-02T12:32:21.584851Z  INFO herdr::logging: workspace focused event="workspace.focus" subsystem="workspace" outcome="ok" workspace_id="w6"
2026-07-02T12:32:21.586257Z  INFO herdr::logging: tab focused event="tab.focus" subsystem="tab" outcome="ok" workspace_id="w6" tab_id="w6:t1"
2026-07-02T12:32:26.592688Z  INFO herdr::logging: session saved event="persist.save" subsystem="persist" outcome="ok" path=/Users/bdumesnildot/.config/herdr/session.json workspaces=4
2026-07-02T12:32:32.603018Z  INFO herdr::logging: workspace focused event="workspace.focus" subsystem="workspace" outcome="ok" workspace_id="w7"
2026-07-02T12:32:32.603550Z  INFO herdr::logging: tab focused event="tab.focus" subsystem="tab" outcome="ok" workspace_id="w7" tab_id="w7:t1"
2026-07-02T12:32:37.604675Z  INFO herdr::logging: session saved event="persist.save" subsystem="persist" outcome="ok" path=/Users/bdumesnildot/.config/herdr/session.json workspaces=4
2026-07-02T12:32:38.113817Z  INFO herdr::logging: workspace focused event="workspace.focus" subsystem="workspace" outcome="ok" workspace_id="w2"
2026-07-02T12:32:38.113893Z  INFO herdr::logging: tab focused event="tab.focus" subsystem="tab" outcome="ok" workspace_id="w2" tab_id="w2:t1"
2026-07-02T12:32:43.122440Z  INFO herdr::logging: session saved event="persist.save" subsystem="persist" outcome="ok" path=/Users/bdumesnildot/.config/herdr/session.json workspaces=4
2026-07-02T12:32:49.298368Z  INFO herdr::logging: workspace focused event="workspace.focus" subsystem="workspace" outcome="ok" workspace_id="w7"
2026-07-02T12:32:49.298875Z  INFO herdr::logging: tab focused event="tab.focus" subsystem="tab" outcome="ok" workspace_id="w7" tab_id="w7:t1"
2026-07-02T12:32:54.074738Z  INFO herdr::logging: workspace focused event="workspace.focus" subsystem="workspace" outcome="ok" workspace_id="w6"
2026-07-02T12:32:54.074900Z  INFO herdr::logging: tab focused event="tab.focus" subsystem="tab" outcome="ok" workspace_id="w6" tab_id="w6:t1"
2026-07-02T12:32:56.550584Z  INFO herdr::logging: workspace focused event="workspace.focus" subsystem="workspace" outcome="ok" workspace_id="w1"
2026-07-02T12:32:56.551894Z  INFO herdr::logging: tab focused event="tab.focus" subsystem="tab" outcome="ok" workspace_id="w1" tab_id="w1:t2"
2026-07-02T12:33:01.558906Z  INFO herdr::logging: session saved event="persist.save" subsystem="persist" outcome="ok" path=/Users/bdumesnildot/.config/herdr/session.json workspaces=4
2026-07-02T12:34:14.447496Z  INFO herdr::logging: workspace focused event="workspace.focus" subsystem="workspace" outcome="ok" workspace_id="w1"
2026-07-02T12:34:14.448846Z  INFO herdr::logging: tab focused event="tab.focus" subsystem="tab" outcome="ok" workspace_id="w1" tab_id="w1:t2"
2026-07-02T12:34:17.742374Z  INFO herdr::logging: spawning pane terminal event="pane.spawn.start" subsystem="pane" outcome="started" pane_id=9 rows=52 cols=159 scrollback_limit_bytes=10000000
2026-07-02T12:34:17.761303Z  INFO herdr::logging: pane child spawned event="pane.spawned" subsystem="pane" outcome="ok" pane_id=9 pid=45629
2026-07-02T12:34:17.762428Z  INFO herdr::logging: workspace created event="workspace.create" subsystem="workspace" outcome="ok" workspace_id="w9" pane_id=9
2026-07-02T12:34:17.762475Z  INFO herdr::logging: workspace focused event="workspace.focus" subsystem="workspace" outcome="ok" workspace_id="w9"
2026-07-02T12:34:17.762529Z  INFO herdr::logging: tab focused event="tab.focus" subsystem="tab" outcome="ok" workspace_id="w9" tab_id="w9:t1"
2026-07-02T12:34:18.320878Z  INFO herdr::logging: pane child exited event="pane.exit" subsystem="pane" outcome="completed" pane_id=8 status="ExitStatus { code: 1, signal: None }"
2026-07-02T12:34:18.341668Z  INFO herdr::pane: pane session terminated pane=8 pid=43592 signal=Hangup
2026-07-02T12:34:18.342081Z  WARN herdr::app::actions: PaneDied for unknown pane pane=8
2026-07-02T12:34:22.770765Z  INFO herdr::logging: session saved event="persist.save" subsystem="persist" outcome="ok" path=/Users/bdumesnildot/.config/herdr/session.json workspaces=5
2026-07-02T12:36:09.729204Z  INFO herdr::logging: workspace renamed event="workspace.rename" subsystem="workspace" outcome="ok" workspace_id="w9"
2026-07-02T12:36:13.127967Z  INFO herdr::logging: workspace focused event="workspace.focus" subsystem="workspace" outcome="ok" workspace_id="w1"
2026-07-02T12:36:13.128496Z  INFO herdr::logging: tab focused event="tab.focus" subsystem="tab" outcome="ok" workspace_id="w1" tab_id="w1:t2"
2026-07-02T12:36:18.132793Z  INFO herdr::logging: session saved event="persist.save" subsystem="persist" outcome="ok" path=/Users/bdumesnildot/.config/herdr/session.json workspaces=5
2026-07-02T12:37:08.290899Z  INFO herdr::logging: workspace renamed event="workspace.rename" subsystem="workspace" outcome="ok" workspace_id="w1"
2026-07-02T12:37:10.963905Z  INFO herdr::logging: workspace focused event="workspace.focus" subsystem="workspace" outcome="ok" workspace_id="w6"
2026-07-02T12:37:10.964281Z  INFO herdr::logging: tab focused event="tab.focus" subsystem="tab" outcome="ok" workspace_id="w6" tab_id="w6:t1"
2026-07-02T12:37:15.967771Z  INFO herdr::logging: session saved event="persist.save" subsystem="persist" outcome="ok" path=/Users/bdumesnildot/.config/herdr/session.json workspaces=5
2026-07-02T12:37:45.270504Z  INFO herdr::logging: workspace renamed event="workspace.rename" subsystem="workspace" outcome="ok" workspace_id="w6"
2026-07-02T12:37:50.274529Z  INFO herdr::logging: session saved event="persist.save" subsystem="persist" outcome="ok" path=/Users/bdumesnildot/.config/herdr/session.json workspaces=5
2026-07-02T12:38:10.587362Z  INFO herdr::logging: workspace renamed event="workspace.rename" subsystem="workspace" outcome="ok" workspace_id="w7"
2026-07-02T12:38:11.890071Z  INFO herdr::logging: workspace focused event="workspace.focus" subsystem="workspace" outcome="ok" workspace_id="w2"
2026-07-02T12:38:11.890232Z  INFO herdr::logging: tab focused event="tab.focus" subsystem="tab" outcome="ok" workspace_id="w2" tab_id="w2:t1"
2026-07-02T12:38:16.897874Z  INFO herdr::logging: session saved event="persist.save" subsystem="persist" outcome="ok" path=/Users/bdumesnildot/.config/herdr/session.json workspaces=5
2026-07-02T12:38:38.071479Z  INFO herdr::logging: workspace renamed event="workspace.rename" subsystem="workspace" outcome="ok" workspace_id="w2"
2026-07-02T12:38:43.076357Z  INFO herdr::logging: session saved event="persist.save" subsystem="persist" outcome="ok" path=/Users/bdumesnildot/.config/herdr/session.json workspaces=5
2026-07-02T12:39:02.174382Z  INFO herdr::logging: workspace renamed event="workspace.rename" subsystem="workspace" outcome="ok" workspace_id="w9"
2026-07-02T12:39:05.442014Z  INFO herdr::logging: workspace focused event="workspace.focus" subsystem="workspace" outcome="ok" workspace_id="w1"
2026-07-02T12:39:05.442239Z  INFO herdr::logging: tab focused event="tab.focus" subsystem="tab" outcome="ok" workspace_id="w1" tab_id="w1:t2"
2026-07-02T12:39:10.446212Z  INFO herdr::logging: session saved event="persist.save" subsystem="persist" outcome="ok" path=/Users/bdumesnildot/.config/herdr/session.json workspaces=5
2026-07-02T12:39:23.376295Z  INFO herdr::logging: workspace focused event="workspace.focus" subsystem="workspace" outcome="ok" workspace_id="w6"
2026-07-02T12:39:23.376683Z  INFO herdr::logging: tab focused event="tab.focus" subsystem="tab" outcome="ok" workspace_id="w6" tab_id="w6:t1"
2026-07-02T12:39:23.894077Z  INFO herdr::logging: workspace focused event="workspace.focus" subsystem="workspace" outcome="ok" workspace_id="w7"
2026-07-02T12:39:23.894225Z  INFO herdr::logging: tab focused event="tab.focus" subsystem="tab" outcome="ok" workspace_id="w7" tab_id="w7:t1"
2026-07-02T12:39:24.675116Z  INFO herdr::logging: workspace focused event="workspace.focus" subsystem="workspace" outcome="ok" workspace_id="w6"
2026-07-02T12:39:24.675279Z  INFO herdr::logging: tab focused event="tab.focus" subsystem="tab" outcome="ok" workspace_id="w6" tab_id="w6:t1"
2026-07-02T12:39:25.258721Z  INFO herdr::logging: workspace focused event="workspace.focus" subsystem="workspace" outcome="ok" workspace_id="w1"
2026-07-02T12:39:25.258862Z  INFO herdr::logging: tab focused event="tab.focus" subsystem="tab" outcome="ok" workspace_id="w1" tab_id="w1:t2"
2026-07-02T12:39:25.882009Z  INFO herdr::logging: workspace focused event="workspace.focus" subsystem="workspace" outcome="ok" workspace_id="w6"
2026-07-02T12:39:25.882342Z  INFO herdr::logging: tab focused event="tab.focus" subsystem="tab" outcome="ok" workspace_id="w6" tab_id="w6:t1"
2026-07-02T12:39:27.208953Z  INFO herdr::logging: workspace focused event="workspace.focus" subsystem="workspace" outcome="ok" workspace_id="w7"
2026-07-02T12:39:27.209101Z  INFO herdr::logging: tab focused event="tab.focus" subsystem="tab" outcome="ok" workspace_id="w7" tab_id="w7:t1"
2026-07-02T12:39:27.884956Z  INFO herdr::logging: workspace focused event="workspace.focus" subsystem="workspace" outcome="ok" workspace_id="w2"
2026-07-02T12:39:27.885079Z  INFO herdr::logging: tab focused event="tab.focus" subsystem="tab" outcome="ok" workspace_id="w2" tab_id="w2:t1"
2026-07-02T12:39:28.221749Z  INFO herdr::logging: workspace focused event="workspace.focus" subsystem="workspace" outcome="ok" workspace_id="w9"
2026-07-02T12:39:28.221958Z  INFO herdr::logging: tab focused event="tab.focus" subsystem="tab" outcome="ok" workspace_id="w9" tab_id="w9:t1"
2026-07-02T12:39:30.518042Z  INFO herdr::logging: workspace focused event="workspace.focus" subsystem="workspace" outcome="ok" workspace_id="w2"
2026-07-02T12:39:30.518177Z  INFO herdr::logging: tab focused event="tab.focus" subsystem="tab" outcome="ok" workspace_id="w2" tab_id="w2:t1"
2026-07-02T12:39:31.011970Z  INFO herdr::logging: workspace focused event="workspace.focus" subsystem="workspace" outcome="ok" workspace_id="w7"
2026-07-02T12:39:31.012133Z  INFO herdr::logging: tab focused event="tab.focus" subsystem="tab" outcome="ok" workspace_id="w7" tab_id="w7:t1"
2026-07-02T12:39:31.371313Z  INFO herdr::logging: workspace focused event="workspace.focus" subsystem="workspace" outcome="ok" workspace_id="w6"
2026-07-02T12:39:31.371521Z  INFO herdr::logging: tab focused event="tab.focus" subsystem="tab" outcome="ok" workspace_id="w6" tab_id="w6:t1"
2026-07-02T12:39:31.673202Z  INFO herdr::logging: workspace focused event="workspace.focus" subsystem="workspace" outcome="ok" workspace_id="w1"
2026-07-02T12:39:31.673323Z  INFO herdr::logging: tab focused event="tab.focus" subsystem="tab" outcome="ok" workspace_id="w1" tab_id="w1:t2"
2026-07-02T12:39:36.678678Z  INFO herdr::logging: session saved event="persist.save" subsystem="persist" outcome="ok" path=/Users/bdumesnildot/.config/herdr/session.json workspaces=5
2026-07-02T12:39:38.772667Z  INFO herdr::logging: workspace focused event="workspace.focus" subsystem="workspace" outcome="ok" workspace_id="w6"
2026-07-02T12:39:38.772730Z  INFO herdr::logging: tab focused event="tab.focus" subsystem="tab" outcome="ok" workspace_id="w6" tab_id="w6:t1"
2026-07-02T12:39:39.719321Z  INFO herdr::logging: workspace focused event="workspace.focus" subsystem="workspace" outcome="ok" workspace_id="w7"
2026-07-02T12:39:39.719437Z  INFO herdr::logging: tab focused event="tab.focus" subsystem="tab" outcome="ok" workspace_id="w7" tab_id="w7:t1"
2026-07-02T12:39:41.126242Z  INFO herdr::logging: workspace focused event="workspace.focus" subsystem="workspace" outcome="ok" workspace_id="w9"
2026-07-02T12:39:41.126381Z  INFO herdr::logging: tab focused event="tab.focus" subsystem="tab" outcome="ok" workspace_id="w9" tab_id="w9:t1"
2026-07-02T12:39:41.826638Z  INFO herdr::logging: workspace focused event="workspace.focus" subsystem="workspace" outcome="ok" workspace_id="w2"
2026-07-02T12:39:41.826746Z  INFO herdr::logging: tab focused event="tab.focus" subsystem="tab" outcome="ok" workspace_id="w2" tab_id="w2:t1"
2026-07-02T12:39:42.165544Z  INFO herdr::logging: workspace focused event="workspace.focus" subsystem="workspace" outcome="ok" workspace_id="w2"
2026-07-02T12:39:42.165670Z  INFO herdr::logging: tab focused event="tab.focus" subsystem="tab" outcome="ok" workspace_id="w2" tab_id="w2:t1"
2026-07-02T12:39:42.810759Z  INFO herdr::logging: workspace focused event="workspace.focus" subsystem="workspace" outcome="ok" workspace_id="w1"
2026-07-02T12:39:42.810993Z  INFO herdr::logging: tab focused event="tab.focus" subsystem="tab" outcome="ok" workspace_id="w1" tab_id="w1:t2"
2026-07-02T12:39:45.560767Z  INFO herdr::logging: tab focused event="tab.focus" subsystem="tab" outcome="ok" workspace_id="w1" tab_id="w1:t2"
2026-07-02T12:39:50.565760Z  INFO herdr::logging: session saved event="persist.save" subsystem="persist" outcome="ok" path=/Users/bdumesnildot/.config/herdr/session.json workspaces=5
2026-07-02T12:40:24.972546Z  INFO herdr::logging: spawning pane terminal event="pane.spawn.start" subsystem="pane" outcome="started" pane_id=10 rows=52 cols=159 scrollback_limit_bytes=10000000
2026-07-02T12:40:24.987238Z  INFO herdr::logging: pane child spawned event="pane.spawned" subsystem="pane" outcome="ok" pane_id=10 pid=46875
2026-07-02T12:40:24.987715Z  INFO herdr::logging: tab focused event="tab.focus" subsystem="tab" outcome="ok" workspace_id="w1" tab_id="w1:t3"
2026-07-02T12:40:24.988219Z  INFO herdr::logging: tab created event="tab.create" subsystem="tab" outcome="ok" workspace_id="w1" tab_id="w1:t3" pane_id=10
2026-07-02T12:40:27.042271Z  INFO herdr::logging: tab focused event="tab.focus" subsystem="tab" outcome="ok" workspace_id="w1" tab_id="w1:t2"
2026-07-02T12:40:27.741785Z  INFO herdr::logging: tab focused event="tab.focus" subsystem="tab" outcome="ok" workspace_id="w1" tab_id="w1:t3"
2026-07-02T12:40:29.431375Z  INFO herdr::logging: tab focused event="tab.focus" subsystem="tab" outcome="ok" workspace_id="w1" tab_id="w1:t2"
2026-07-02T12:40:34.436769Z  INFO herdr::logging: session saved event="persist.save" subsystem="persist" outcome="ok" path=/Users/bdumesnildot/.config/herdr/session.json workspaces=5
2026-07-02T12:40:39.540526Z  INFO herdr::logging: tab focused event="tab.focus" subsystem="tab" outcome="ok" workspace_id="w1" tab_id="w1:t2"
2026-07-02T12:40:44.544139Z  INFO herdr::logging: session saved event="persist.save" subsystem="persist" outcome="ok" path=/Users/bdumesnildot/.config/herdr/session.json workspaces=5
2026-07-02T12:40:51.091233Z  INFO herdr::logging: tab renamed event="tab.rename" subsystem="tab" outcome="ok" workspace_id="w1" tab_id="w1:t2"
2026-07-02T12:40:53.137739Z  INFO herdr::logging: tab focused event="tab.focus" subsystem="tab" outcome="ok" workspace_id="w1" tab_id="w1:t3"
2026-07-02T12:40:54.913984Z  INFO herdr::logging: tab focused event="tab.focus" subsystem="tab" outcome="ok" workspace_id="w1" tab_id="w1:t2"
2026-07-02T12:40:55.807119Z  INFO herdr::logging: tab focused event="tab.focus" subsystem="tab" outcome="ok" workspace_id="w1" tab_id="w1:t3"
2026-07-02T12:40:57.782614Z  INFO herdr::logging: tab focused event="tab.focus" subsystem="tab" outcome="ok" workspace_id="w1" tab_id="w1:t3"
2026-07-02T12:41:02.786595Z  INFO herdr::logging: session saved event="persist.save" subsystem="persist" outcome="ok" path=/Users/bdumesnildot/.config/herdr/session.json workspaces=5
2026-07-02T12:41:08.440386Z  INFO herdr::logging: tab renamed event="tab.rename" subsystem="tab" outcome="ok" workspace_id="w1" tab_id="w1:t3"
2026-07-02T12:41:10.219288Z  INFO herdr::logging: tab focused event="tab.focus" subsystem="tab" outcome="ok" workspace_id="w1" tab_id="w1:t2"
2026-07-02T12:41:11.596524Z  INFO herdr::logging: tab focused event="tab.focus" subsystem="tab" outcome="ok" workspace_id="w1" tab_id="w1:t3"
2026-07-02T12:41:16.607010Z  INFO herdr::logging: session saved event="persist.save" subsystem="persist" outcome="ok" path=/Users/bdumesnildot/.config/herdr/session.json workspaces=5
2026-07-02T12:42:30.111232Z  INFO herdr::logging: spawning pane terminal event="pane.spawn.start" subsystem="pane" outcome="started" pane_id=11 rows=52 cols=159 scrollback_limit_bytes=10000000
2026-07-02T12:42:30.120444Z  INFO herdr::logging: pane child spawned event="pane.spawned" subsystem="pane" outcome="ok" pane_id=11 pid=47092
2026-07-02T12:42:30.120893Z  INFO herdr::logging: tab focused event="tab.focus" subsystem="tab" outcome="ok" workspace_id="w1" tab_id="w1:t4"
2026-07-02T12:42:30.120937Z  INFO herdr::logging: tab created event="tab.create" subsystem="tab" outcome="ok" workspace_id="w1" tab_id="w1:t4" pane_id=11
2026-07-02T12:42:31.679258Z  INFO herdr::logging: tab focused event="tab.focus" subsystem="tab" outcome="ok" workspace_id="w1" tab_id="w1:t3"
2026-07-02T12:42:32.114443Z  INFO herdr::logging: tab focused event="tab.focus" subsystem="tab" outcome="ok" workspace_id="w1" tab_id="w1:t2"
2026-07-02T12:42:32.812682Z  INFO herdr::logging: tab focused event="tab.focus" subsystem="tab" outcome="ok" workspace_id="w1" tab_id="w1:t3"
2026-07-02T12:42:33.361685Z  INFO herdr::logging: tab focused event="tab.focus" subsystem="tab" outcome="ok" workspace_id="w1" tab_id="w1:t4"
2026-07-02T12:42:33.886731Z  INFO herdr::logging: tab focused event="tab.focus" subsystem="tab" outcome="ok" workspace_id="w1" tab_id="w1:t3"
2026-07-02T12:42:34.283475Z  INFO herdr::logging: tab focused event="tab.focus" subsystem="tab" outcome="ok" workspace_id="w1" tab_id="w1:t2"
2026-07-02T12:42:35.822790Z  INFO herdr::logging: tab focused event="tab.focus" subsystem="tab" outcome="ok" workspace_id="w1" tab_id="w1:t3"
2026-07-02T12:42:40.211881Z  INFO herdr::logging: workspace focused event="workspace.focus" subsystem="workspace" outcome="ok" workspace_id="w6"
2026-07-02T12:42:40.212025Z  INFO herdr::logging: tab focused event="tab.focus" subsystem="tab" outcome="ok" workspace_id="w6" tab_id="w6:t1"
2026-07-02T12:42:43.638492Z  INFO herdr::logging: tab focused event="tab.focus" subsystem="tab" outcome="ok" workspace_id="w6" tab_id="w6:t1"
2026-07-02T12:42:48.647714Z  INFO herdr::logging: session saved event="persist.save" subsystem="persist" outcome="ok" path=/Users/bdumesnildot/.config/herdr/session.json workspaces=5
2026-07-02T12:42:48.648536Z  INFO herdr::logging: workspace focused event="workspace.focus" subsystem="workspace" outcome="ok" workspace_id="w1"
2026-07-02T12:42:48.648644Z  INFO herdr::logging: tab focused event="tab.focus" subsystem="tab" outcome="ok" workspace_id="w1" tab_id="w1:t3"
2026-07-02T12:42:50.378280Z  INFO herdr::logging: tab focused event="tab.focus" subsystem="tab" outcome="ok" workspace_id="w1" tab_id="w1:t4"
2026-07-02T12:42:55.384251Z  INFO herdr::logging: session saved event="persist.save" subsystem="persist" outcome="ok" path=/Users/bdumesnildot/.config/herdr/session.json workspaces=5
2026-07-02T12:44:11.671531Z  INFO herdr::app::actions: copied double-clicked token to clipboard
2026-07-02T12:45:20.997166Z  INFO herdr::logging: spawning pane terminal event="pane.spawn.start" subsystem="pane" outcome="started" pane_id=12 rows=52 cols=159 scrollback_limit_bytes=10000000
2026-07-02T12:45:21.008733Z  INFO herdr::logging: pane child spawned event="pane.spawned" subsystem="pane" outcome="ok" pane_id=12 pid=48504
2026-07-02T12:45:21.009495Z  INFO herdr::logging: workspace created event="workspace.create" subsystem="workspace" outcome="ok" workspace_id="wA" pane_id=12
2026-07-02T12:45:21.009520Z  INFO herdr::logging: workspace focused event="workspace.focus" subsystem="workspace" outcome="ok" workspace_id="wA"
2026-07-02T12:45:21.009562Z  INFO herdr::logging: tab focused event="tab.focus" subsystem="tab" outcome="ok" workspace_id="wA" tab_id="wA:t1"
2026-07-02T12:45:26.019444Z  INFO herdr::logging: session saved event="persist.save" subsystem="persist" outcome="ok" path=/Users/bdumesnildot/.config/herdr/session.json workspaces=6
2026-07-02T12:46:08.088954Z  INFO herdr::logging: workspace renamed event="workspace.rename" subsystem="workspace" outcome="ok" workspace_id="wA"
2026-07-02T12:46:09.674540Z  INFO herdr::logging: workspace focused event="workspace.focus" subsystem="workspace" outcome="ok" workspace_id="w9"
2026-07-02T12:46:09.674703Z  INFO herdr::logging: tab focused event="tab.focus" subsystem="tab" outcome="ok" workspace_id="w9" tab_id="w9:t1"
2026-07-02T12:46:14.680932Z  INFO herdr::logging: session saved event="persist.save" subsystem="persist" outcome="ok" path=/Users/bdumesnildot/.config/herdr/session.json workspaces=6
2026-07-02T12:46:18.150380Z  INFO herdr::logging: workspace focused event="workspace.focus" subsystem="workspace" outcome="ok" workspace_id="wA"
2026-07-02T12:46:18.150607Z  INFO herdr::logging: tab focused event="tab.focus" subsystem="tab" outcome="ok" workspace_id="wA" tab_id="wA:t1"
2026-07-02T12:46:21.749964Z  INFO herdr::logging: workspace focused event="workspace.focus" subsystem="workspace" outcome="ok" workspace_id="w1"
2026-07-02T12:46:21.751658Z  INFO herdr::logging: tab focused event="tab.focus" subsystem="tab" outcome="ok" workspace_id="w1" tab_id="w1:t4"
2026-07-02T12:46:25.651050Z  INFO herdr::logging: tab focused event="tab.focus" subsystem="tab" outcome="ok" workspace_id="w1" tab_id="w1:t4"
2026-07-02T12:46:26.121377Z  INFO herdr::logging: tab focused event="tab.focus" subsystem="tab" outcome="ok" workspace_id="w1" tab_id="w1:t3"
2026-07-02T12:46:27.621574Z  INFO herdr::logging: tab focused event="tab.focus" subsystem="tab" outcome="ok" workspace_id="w1" tab_id="w1:t4"
2026-07-02T12:46:28.416460Z  INFO herdr::logging: workspace focused event="workspace.focus" subsystem="workspace" outcome="ok" workspace_id="w6"
2026-07-02T12:46:28.416652Z  INFO herdr::logging: tab focused event="tab.focus" subsystem="tab" outcome="ok" workspace_id="w6" tab_id="w6:t1"
2026-07-02T12:46:29.023848Z  INFO herdr::logging: workspace focused event="workspace.focus" subsystem="workspace" outcome="ok" workspace_id="w7"
2026-07-02T12:46:29.025127Z  INFO herdr::logging: tab focused event="tab.focus" subsystem="tab" outcome="ok" workspace_id="w7" tab_id="w7:t1"
2026-07-02T12:46:30.112925Z  INFO herdr::logging: workspace focused event="workspace.focus" subsystem="workspace" outcome="ok" workspace_id="w2"
2026-07-02T12:46:30.113148Z  INFO herdr::logging: tab focused event="tab.focus" subsystem="tab" outcome="ok" workspace_id="w2" tab_id="w2:t1"
2026-07-02T12:46:31.424510Z  INFO herdr::logging: workspace focused event="workspace.focus" subsystem="workspace" outcome="ok" workspace_id="w9"
2026-07-02T12:46:31.424672Z  INFO herdr::logging: tab focused event="tab.focus" subsystem="tab" outcome="ok" workspace_id="w9" tab_id="w9:t1"
2026-07-02T12:46:36.431472Z  INFO herdr::logging: session saved event="persist.save" subsystem="persist" outcome="ok" path=/Users/bdumesnildot/.config/herdr/session.json workspaces=6
2026-07-02T12:46:41.131050Z  INFO herdr::logging: workspace focused event="workspace.focus" subsystem="workspace" outcome="ok" workspace_id="w1"
2026-07-02T12:46:41.131233Z  INFO herdr::logging: tab focused event="tab.focus" subsystem="tab" outcome="ok" workspace_id="w1" tab_id="w1:t4"
2026-07-02T12:46:46.135038Z  INFO herdr::logging: session saved event="persist.save" subsystem="persist" outcome="ok" path=/Users/bdumesnildot/.config/herdr/session.json workspaces=6
2026-07-02T12:50:48.701714Z  INFO herdr::logging: tab focused event="tab.focus" subsystem="tab" outcome="ok" workspace_id="w1" tab_id="w1:t3"
2026-07-02T12:50:53.710799Z  INFO herdr::logging: session saved event="persist.save" subsystem="persist" outcome="ok" path=/Users/bdumesnildot/.config/herdr/session.json workspaces=6
2026-07-02T12:52:57.461922Z  INFO herdr::logging: tab focused event="tab.focus" subsystem="tab" outcome="ok" workspace_id="w1" tab_id="w1:t3"
2026-07-02T12:52:57.464253Z  INFO herdr::logging: spawning pane terminal event="pane.spawn.start" subsystem="pane" outcome="started" pane_id=13 rows=26 cols=79 scrollback_limit_bytes=10000000
2026-07-02T12:52:57.474066Z  INFO herdr::logging: pane child spawned event="pane.spawned" subsystem="pane" outcome="ok" pane_id=13 pid=48936
2026-07-02T12:53:09.416738Z  INFO herdr::logging: tab focused event="tab.focus" subsystem="tab" outcome="ok" workspace_id="w1" tab_id="w1:t3"
2026-07-02T12:53:14.426664Z  INFO herdr::logging: session saved event="persist.save" subsystem="persist" outcome="ok" path=/Users/bdumesnildot/.config/herdr/session.json workspaces=6
2026-07-02T12:53:22.827640Z  INFO herdr::logging: tab focused event="tab.focus" subsystem="tab" outcome="ok" workspace_id="w1" tab_id="w1:t3"
2026-07-02T12:53:22.828858Z  INFO herdr::logging: tab focused event="tab.focus" subsystem="tab" outcome="ok" workspace_id="w1" tab_id="w1:t3"
2026-07-02T12:53:27.835881Z  INFO herdr::logging: session saved event="persist.save" subsystem="persist" outcome="ok" path=/Users/bdumesnildot/.config/herdr/session.json workspaces=6
2026-07-02T12:53:28.587073Z  INFO herdr::logging: tab focused event="tab.focus" subsystem="tab" outcome="ok" workspace_id="w1" tab_id="w1:t4"
2026-07-02T12:53:29.194260Z  INFO herdr::logging: tab focused event="tab.focus" subsystem="tab" outcome="ok" workspace_id="w1" tab_id="w1:t3"
2026-07-02T12:53:34.199180Z  INFO herdr::logging: session saved event="persist.save" subsystem="persist" outcome="ok" path=/Users/bdumesnildot/.config/herdr/session.json workspaces=6
2026-07-02T12:55:32.359533Z  INFO herdr::logging: checking for updates event="update.check.start" subsystem="update" outcome="started"
2026-07-02T12:55:35.484428Z  INFO herdr::logging: pane child exited event="pane.exit" subsystem="pane" outcome="completed" pane_id=13 status="ExitStatus { code: 1, signal: None }"
2026-07-02T12:55:35.497325Z  INFO herdr::pane: pane session terminated pane=13 pid=48936 signal=Hangup
2026-07-02T12:55:35.498201Z  WARN herdr::app::actions: PaneDied for unknown pane pane=13
2026-07-02T12:56:36.141799Z  INFO herdr::logging: workspace focused event="workspace.focus" subsystem="workspace" outcome="ok" workspace_id="wA"
2026-07-02T12:56:36.143239Z  INFO herdr::logging: tab focused event="tab.focus" subsystem="tab" outcome="ok" workspace_id="wA" tab_id="wA:t1"
2026-07-02T12:56:41.150758Z  INFO herdr::logging: session saved event="persist.save" subsystem="persist" outcome="ok" path=/Users/bdumesnildot/.config/herdr/session.json workspaces=6
2026-07-02T13:11:05.480878Z  INFO herdr::logging: workspace focused event="workspace.focus" subsystem="workspace" outcome="ok" workspace_id="w1"
2026-07-02T13:11:05.481466Z  INFO herdr::logging: tab focused event="tab.focus" subsystem="tab" outcome="ok" workspace_id="w1" tab_id="w1:t3"
2026-07-02T13:11:10.485031Z  INFO herdr::logging: session saved event="persist.save" subsystem="persist" outcome="ok" path=/Users/bdumesnildot/.config/herdr/session.json workspaces=6
2026-07-02T13:13:20.344771Z  INFO herdr::server::headless: client disconnected client_id=2
2026-07-02T13:13:23.889008Z  INFO herdr::server::headless: client connected client_id=4 cols=96 rows=34 cell_width_px=0 cell_height_px=0 render_encoding=SemanticFrame
2026-07-02T13:13:23.997241Z  INFO herdr::server::headless: client resize client_id=4 cols=236 rows=59 cell_width_px=0 cell_height_px=0
2026-07-02T13:13:28.517496Z  INFO herdr::server::headless: client resize client_id=4 cols=185 rows=53 cell_width_px=0 cell_height_px=0
2026-07-02T13:13:30.733828Z  INFO herdr::logging: tab focused event="tab.focus" subsystem="tab" outcome="ok" workspace_id="w1" tab_id="w1:t2"
2026-07-02T13:13:35.740334Z  INFO herdr::logging: session saved event="persist.save" subsystem="persist" outcome="ok" path=/Users/bdumesnildot/.config/herdr/session.json workspaces=6
2026-07-02T13:14:00.219599Z  INFO herdr::logging: api request received event="api.request.start" subsystem="api" outcome="started" request_id="cli:server:reload-config" method="server.reload_config" changes_ui=true
2026-07-02T13:14:00.220552Z  INFO herdr::logging: api request completed event="api.request.complete" subsystem="api" outcome="ok" request_id="cli:server:reload-config" method="server.reload_config"
2026-07-02T13:14:22.954305Z  INFO herdr::logging: api request received event="api.request.start" subsystem="api" outcome="started" request_id="cli:plugin" method="plugin.action.invoke" changes_ui=true
2026-07-02T13:14:22.956095Z  INFO herdr::logging: api request completed event="api.request.complete" subsystem="api" outcome="ok" request_id="cli:plugin" method="plugin.action.invoke"
2026-07-02T13:14:23.812030Z  INFO herdr::logging: api request received event="api.request.start" subsystem="api" outcome="started" request_id="cli:plugin" method="plugin.pane.open" changes_ui=true
2026-07-02T13:14:23.813215Z  INFO herdr::logging: spawning pane terminal event="pane.spawn.start" subsystem="pane" outcome="started" pane_id=14 rows=52 cols=159 scrollback_limit_bytes=10000000
2026-07-02T13:14:23.820056Z  INFO herdr::logging: pane child spawned event="pane.spawned" subsystem="pane" outcome="ok" pane_id=14 pid=50973
2026-07-02T13:14:23.820434Z  INFO herdr::logging: tab focused event="tab.focus" subsystem="tab" outcome="ok" workspace_id="w1" tab_id="w1:t2"
2026-07-02T13:14:23.820832Z  INFO herdr::logging: api request completed event="api.request.complete" subsystem="api" outcome="ok" request_id="cli:plugin" method="plugin.pane.open"
2026-07-02T13:14:28.829668Z  INFO herdr::logging: session saved event="persist.save" subsystem="persist" outcome="ok" path=/Users/bdumesnildot/.config/herdr/session.json workspaces=6
2026-07-02T13:14:37.885280Z  INFO herdr::logging: pane child exited event="pane.exit" subsystem="pane" outcome="completed" pane_id=14 status="ExitStatus { code: 0, signal: None }"
2026-07-02T13:14:37.886669Z  INFO herdr::pane: pane session terminated pane=14 pid=50973 signal=Hangup
2026-07-02T13:14:42.892172Z  INFO herdr::logging: session saved event="persist.save" subsystem="persist" outcome="ok" path=/Users/bdumesnildot/.config/herdr/session.json workspaces=6
2026-07-02T13:15:29.407284Z  INFO herdr::logging: api request received event="api.request.start" subsystem="api" outcome="started" request_id="cli:plugin" method="plugin.action.invoke" changes_ui=true
2026-07-02T13:15:29.408094Z  INFO herdr::logging: api request completed event="api.request.complete" subsystem="api" outcome="ok" request_id="cli:plugin" method="plugin.action.invoke"
2026-07-02T13:15:29.511786Z  INFO herdr::logging: api request received event="api.request.start" subsystem="api" outcome="started" request_id="cli:plugin" method="plugin.pane.open" changes_ui=true
2026-07-02T13:15:29.518703Z  INFO herdr::logging: spawning pane terminal event="pane.spawn.start" subsystem="pane" outcome="started" pane_id=15 rows=52 cols=159 scrollback_limit_bytes=10000000
2026-07-02T13:15:29.539143Z  INFO herdr::logging: pane child spawned event="pane.spawned" subsystem="pane" outcome="ok" pane_id=15 pid=51064
2026-07-02T13:15:29.539444Z  INFO herdr::logging: tab focused event="tab.focus" subsystem="tab" outcome="ok" workspace_id="w1" tab_id="w1:t5"
2026-07-02T13:15:29.541215Z  INFO herdr::logging: api request completed event="api.request.complete" subsystem="api" outcome="ok" request_id="cli:plugin" method="plugin.pane.open"
2026-07-02T13:15:34.544304Z  INFO herdr::logging: session saved event="persist.save" subsystem="persist" outcome="ok" path=/Users/bdumesnildot/.config/herdr/session.json workspaces=6
2026-07-02T13:16:04.680306Z  INFO herdr::logging: pane child exited event="pane.exit" subsystem="pane" outcome="completed" pane_id=15 status="ExitStatus { code: 0, signal: None }"
2026-07-02T13:16:04.680892Z  INFO herdr::pane: pane session terminated pane=15 pid=51064 signal=Hangup
2026-07-02T13:16:09.688006Z  INFO herdr::logging: session saved event="persist.save" subsystem="persist" outcome="ok" path=/Users/bdumesnildot/.config/herdr/session.json workspaces=6
2026-07-02T13:23:43.254182Z  INFO herdr::logging: api request received event="api.request.start" subsystem="api" outcome="started" request_id="cli:plugin" method="plugin.pane.open" changes_ui=true
2026-07-02T13:23:43.255168Z  INFO herdr::logging: spawning pane terminal event="pane.spawn.start" subsystem="pane" outcome="started" pane_id=16 rows=52 cols=159 scrollback_limit_bytes=10000000
2026-07-02T13:23:43.260186Z  INFO herdr::logging: pane child spawned event="pane.spawned" subsystem="pane" outcome="ok" pane_id=16 pid=51563
2026-07-02T13:23:43.260438Z  INFO herdr::logging: tab focused event="tab.focus" subsystem="tab" outcome="ok" workspace_id="w1" tab_id="w1:t6"
2026-07-02T13:23:43.260618Z  INFO herdr::logging: api request completed event="api.request.complete" subsystem="api" outcome="ok" request_id="cli:plugin" method="plugin.pane.open"
2026-07-02T13:23:48.266959Z  INFO herdr::logging: session saved event="persist.save" subsystem="persist" outcome="ok" path=/Users/bdumesnildot/.config/herdr/session.json workspaces=6
2026-07-02T13:23:50.658953Z  INFO herdr::logging: pane child exited event="pane.exit" subsystem="pane" outcome="completed" pane_id=16 status="ExitStatus { code: 0, signal: None }"
2026-07-02T13:23:50.659382Z  INFO herdr::pane: pane session terminated pane=16 pid=51563 signal=Hangup
2026-07-02T13:23:55.663950Z  INFO herdr::logging: session saved event="persist.save" subsystem="persist" outcome="ok" path=/Users/bdumesnildot/.config/herdr/session.json workspaces=6
2026-07-02T13:25:32.407878Z  INFO herdr::logging: checking for updates event="update.check.start" subsystem="update" outcome="started"
2026-07-02T13:25:32.444838Z  INFO herdr::logging: api request received event="api.request.start" subsystem="api" outcome="started" request_id="cli:plugin" method="plugin.pane.open" changes_ui=true
2026-07-02T13:25:32.445087Z  INFO herdr::logging: spawning pane terminal event="pane.spawn.start" subsystem="pane" outcome="started" pane_id=17 rows=52 cols=159 scrollback_limit_bytes=10000000
2026-07-02T13:25:32.449076Z  INFO herdr::logging: pane child spawned event="pane.spawned" subsystem="pane" outcome="ok" pane_id=17 pid=51669
2026-07-02T13:25:32.449403Z  INFO herdr::logging: tab focused event="tab.focus" subsystem="tab" outcome="ok" workspace_id="w1" tab_id="w1:t4"
2026-07-02T13:25:32.449620Z  INFO herdr::logging: api request completed event="api.request.complete" subsystem="api" outcome="ok" request_id="cli:plugin" method="plugin.pane.open"
2026-07-02T13:25:37.458257Z  INFO herdr::logging: session saved event="persist.save" subsystem="persist" outcome="ok" path=/Users/bdumesnildot/.config/herdr/session.json workspaces=6
2026-07-02T13:25:37.965347Z  INFO herdr::logging: pane child exited event="pane.exit" subsystem="pane" outcome="completed" pane_id=17 status="ExitStatus { code: 0, signal: None }"
2026-07-02T13:25:37.966019Z  INFO herdr::pane: pane session terminated pane=17 pid=51669 signal=Hangup
2026-07-02T13:25:42.969787Z  INFO herdr::logging: session saved event="persist.save" subsystem="persist" outcome="ok" path=/Users/bdumesnildot/.config/herdr/session.json workspaces=6
2026-07-02T13:26:31.525867Z  INFO herdr::logging: api request received event="api.request.start" subsystem="api" outcome="started" request_id="cli:plugin" method="plugin.pane.open" changes_ui=true
2026-07-02T13:26:31.526297Z  INFO herdr::logging: spawning pane terminal event="pane.spawn.start" subsystem="pane" outcome="started" pane_id=18 rows=52 cols=159 scrollback_limit_bytes=10000000
2026-07-02T13:26:31.530756Z  INFO herdr::logging: pane child spawned event="pane.spawned" subsystem="pane" outcome="ok" pane_id=18 pid=51791
2026-07-02T13:26:31.530961Z  INFO herdr::logging: tab focused event="tab.focus" subsystem="tab" outcome="ok" workspace_id="w1" tab_id="w1:t7"
2026-07-02T13:26:31.531201Z  INFO herdr::logging: api request completed event="api.request.complete" subsystem="api" outcome="ok" request_id="cli:plugin" method="plugin.pane.open"
2026-07-02T13:26:36.538848Z  INFO herdr::logging: session saved event="persist.save" subsystem="persist" outcome="ok" path=/Users/bdumesnildot/.config/herdr/session.json workspaces=6
2026-07-02T13:26:56.749984Z  INFO herdr::logging: pane child exited event="pane.exit" subsystem="pane" outcome="completed" pane_id=18 status="ExitStatus { code: 0, signal: None }"
2026-07-02T13:26:56.750579Z  INFO herdr::pane: pane session terminated pane=18 pid=51791 signal=Hangup
2026-07-02T13:27:01.758316Z  INFO herdr::logging: session saved event="persist.save" subsystem="persist" outcome="ok" path=/Users/bdumesnildot/.config/herdr/session.json workspaces=6
2026-07-02T13:34:04.083039Z  INFO herdr::logging: workspace focused event="workspace.focus" subsystem="workspace" outcome="ok" workspace_id="w6"
2026-07-02T13:34:04.084268Z  INFO herdr::logging: tab focused event="tab.focus" subsystem="tab" outcome="ok" workspace_id="w6" tab_id="w6:t1"
2026-07-02T13:34:06.416317Z  INFO herdr::logging: workspace focused event="workspace.focus" subsystem="workspace" outcome="ok" workspace_id="w7"
2026-07-02T13:34:06.416487Z  INFO herdr::logging: tab focused event="tab.focus" subsystem="tab" outcome="ok" workspace_id="w7" tab_id="w7:t1"
2026-07-02T13:34:11.308851Z  INFO herdr::pane: agent changed pane=7 previous_agent=None agent=Some(OpenCode) process=opencode pgid=Some(51986)
2026-07-02T13:34:11.418528Z  INFO herdr::logging: session saved event="persist.save" subsystem="persist" outcome="ok" path=/Users/bdumesnildot/.config/herdr/session.json workspaces=6
2026-07-02T13:34:48.670764Z  INFO herdr::logging: tab focused event="tab.focus" subsystem="tab" outcome="ok" workspace_id="w7" tab_id="w7:t1"
2026-07-02T13:34:53.676576Z  INFO herdr::logging: session saved event="persist.save" subsystem="persist" outcome="ok" path=/Users/bdumesnildot/.config/herdr/session.json workspaces=6
2026-07-02T13:35:41.046523Z  INFO herdr::pane: agent changed pane=7 previous_agent=Some(OpenCode) agent=None pgid=Some(43403)
2026-07-02T13:37:24.960576Z  INFO herdr::pane: agent changed pane=7 previous_agent=None agent=Some(OpenCode) process=opencode pgid=Some(52976)
2026-07-02T13:38:56.427247Z  INFO herdr::logging: workspace focused event="workspace.focus" subsystem="workspace" outcome="ok" workspace_id="wA"
2026-07-02T13:38:56.428657Z  INFO herdr::logging: tab focused event="tab.focus" subsystem="tab" outcome="ok" workspace_id="wA" tab_id="wA:t1"
2026-07-02T13:39:01.440682Z  INFO herdr::logging: session saved event="persist.save" subsystem="persist" outcome="ok" path=/Users/bdumesnildot/.config/herdr/session.json workspaces=6
2026-07-02T13:39:56.011216Z  INFO herdr::logging: workspace focused event="workspace.focus" subsystem="workspace" outcome="ok" workspace_id="w6"
2026-07-02T13:39:56.012575Z  INFO herdr::logging: tab focused event="tab.focus" subsystem="tab" outcome="ok" workspace_id="w6" tab_id="w6:t1"
2026-07-02T13:39:56.467151Z  INFO herdr::logging: workspace focused event="workspace.focus" subsystem="workspace" outcome="ok" workspace_id="w7"
2026-07-02T13:39:56.467321Z  INFO herdr::logging: tab focused event="tab.focus" subsystem="tab" outcome="ok" workspace_id="w7" tab_id="w7:t1"
2026-07-02T13:39:59.998774Z  INFO herdr::pane: agent changed pane=7 previous_agent=Some(OpenCode) agent=None pgid=Some(43403)
2026-07-02T13:40:01.475942Z  INFO herdr::logging: session saved event="persist.save" subsystem="persist" outcome="ok" path=/Users/bdumesnildot/.config/herdr/session.json workspaces=6
2026-07-02T13:40:02.012271Z  INFO herdr::pane: agent changed pane=7 previous_agent=None agent=Some(OpenCode) process=opencode pgid=Some(53904)
2026-07-02T13:43:34.907636Z  INFO herdr::pane: agent changed pane=7 previous_agent=None agent=Some(OpenCode) process=opencode pgid=Some(53904)
2026-07-02T13:43:39.918096Z  INFO herdr::logging: session saved event="persist.save" subsystem="persist" outcome="ok" path=/Users/bdumesnildot/.config/herdr/session.json workspaces=6
2026-07-02T13:55:32.428396Z  INFO herdr::logging: checking for updates event="update.check.start" subsystem="update" outcome="started"
2026-07-02T14:25:32.390465Z  INFO herdr::logging: checking for updates event="update.check.start" subsystem="update" outcome="started"
2026-07-02T14:55:32.355722Z  INFO herdr::logging: checking for updates event="update.check.start" subsystem="update" outcome="started"
2026-07-02T15:23:13.783791Z  INFO herdr::logging: spawning pane terminal event="pane.spawn.start" subsystem="pane" outcome="started" pane_id=19 rows=52 cols=181 scrollback_limit_bytes=10000000
2026-07-02T15:23:13.805866Z  INFO herdr::logging: pane child spawned event="pane.spawned" subsystem="pane" outcome="ok" pane_id=19 pid=65226
2026-07-02T15:23:13.807373Z  INFO herdr::logging: tab focused event="tab.focus" subsystem="tab" outcome="ok" workspace_id="w7" tab_id="w7:t2"
2026-07-02T15:23:13.807479Z  INFO herdr::logging: tab created event="tab.create" subsystem="tab" outcome="ok" workspace_id="w7" tab_id="w7:t2" pane_id=19
2026-07-02T15:23:18.844266Z  INFO herdr::logging: session saved event="persist.save" subsystem="persist" outcome="ok" path=/Users/bdumesnildot/.config/herdr/session.json workspaces=6
2026-07-02T15:25:48.731777Z  INFO herdr::app::actions: copied selection to clipboard
2026-07-02T15:26:32.759001Z  INFO herdr::logging: checking for updates event="update.check.start" subsystem="update" outcome="started"
2026-07-02T15:26:59.242579Z  INFO herdr::logging: tab focused event="tab.focus" subsystem="tab" outcome="ok" workspace_id="w7" tab_id="w7:t1"
2026-07-02T15:26:59.330928Z  INFO herdr::logging: tab focused event="tab.focus" subsystem="tab" outcome="ok" workspace_id="w7" tab_id="w7:t1"
2026-07-02T15:27:04.342190Z  INFO herdr::logging: session saved event="persist.save" subsystem="persist" outcome="ok" path=/Users/bdumesnildot/.config/herdr/session.json workspaces=6
2026-07-02T16:02:23.729427Z  INFO herdr::logging: checking for updates event="update.check.start" subsystem="update" outcome="started"
2026-07-02T16:08:27.760826Z  INFO herdr::pane: agent changed pane=7 previous_agent=Some(OpenCode) agent=None pgid=Some(43403)
2026-07-02T16:08:32.465801Z  INFO herdr::logging: session saved event="persist.save" subsystem="persist" outcome="ok" path=/Users/bdumesnildot/.config/herdr/session.json workspaces=6
2026-07-03T07:19:27.105059Z  INFO herdr::logging: checking for updates event="update.check.start" subsystem="update" outcome="started"
2026-07-03T07:21:09.971744Z  INFO herdr::logging: workspace focused event="workspace.focus" subsystem="workspace" outcome="ok" workspace_id="w2"
2026-07-03T07:21:09.972754Z  INFO herdr::logging: tab focused event="tab.focus" subsystem="tab" outcome="ok" workspace_id="w2" tab_id="w2:t1"
2026-07-03T07:21:14.986329Z  INFO herdr::logging: session saved event="persist.save" subsystem="persist" outcome="ok" path=/Users/bdumesnildot/.config/herdr/session.json workspaces=6
2026-07-03T07:23:03.881720Z  INFO herdr::pane: agent changed pane=2 previous_agent=None agent=Some(OpenCode) process=opencode pgid=Some(71092)
2026-07-03T07:23:10.629047Z  INFO herdr::pane: agent changed pane=2 previous_agent=None agent=Some(OpenCode) process=opencode pgid=Some(71092)
2026-07-03T07:23:15.613551Z  INFO herdr::logging: session saved event="persist.save" subsystem="persist" outcome="ok" path=/Users/bdumesnildot/.config/herdr/session.json workspaces=6
2026-07-03T07:26:56.082228Z  INFO herdr::logging: workspace focused event="workspace.focus" subsystem="workspace" outcome="ok" workspace_id="wA"
2026-07-03T07:26:56.085464Z  INFO herdr::logging: tab focused event="tab.focus" subsystem="tab" outcome="ok" workspace_id="wA" tab_id="wA:t1"
2026-07-03T07:27:01.102550Z  INFO herdr::logging: session saved event="persist.save" subsystem="persist" outcome="ok" path=/Users/bdumesnildot/.config/herdr/session.json workspaces=6
2026-07-03T07:27:28.681599Z  INFO herdr::logging: spawning pane terminal event="pane.spawn.start" subsystem="pane" outcome="started" pane_id=20 rows=52 cols=159 scrollback_limit_bytes=10000000
2026-07-03T07:27:28.711545Z  INFO herdr::logging: pane child spawned event="pane.spawned" subsystem="pane" outcome="ok" pane_id=20 pid=72179
2026-07-03T07:27:28.712374Z  INFO herdr::logging: tab focused event="tab.focus" subsystem="tab" outcome="ok" workspace_id="wA" tab_id="wA:t2"
2026-07-03T07:27:28.712453Z  INFO herdr::logging: tab created event="tab.create" subsystem="tab" outcome="ok" workspace_id="wA" tab_id="wA:t2" pane_id=20
2026-07-03T07:27:31.989727Z  INFO herdr::logging: tab focused event="tab.focus" subsystem="tab" outcome="ok" workspace_id="wA" tab_id="wA:t1"
2026-07-03T07:27:37.001575Z  INFO herdr::logging: session saved event="persist.save" subsystem="persist" outcome="ok" path=/Users/bdumesnildot/.config/herdr/session.json workspaces=6
2026-07-03T07:27:39.227349Z  INFO herdr::logging: tab focused event="tab.focus" subsystem="tab" outcome="ok" workspace_id="wA" tab_id="wA:t2"
2026-07-03T07:27:44.236623Z  INFO herdr::logging: session saved event="persist.save" subsystem="persist" outcome="ok" path=/Users/bdumesnildot/.config/herdr/session.json workspaces=6
2026-07-03T07:28:17.548057Z  INFO herdr::app::actions: copied selection to clipboard
2026-07-03T07:30:26.722203Z  INFO herdr::logging: tab focused event="tab.focus" subsystem="tab" outcome="ok" workspace_id="wA" tab_id="wA:t1"
2026-07-03T07:30:31.773916Z  INFO herdr::logging: session saved event="persist.save" subsystem="persist" outcome="ok" path=/Users/bdumesnildot/.config/herdr/session.json workspaces=6
2026-07-03T07:30:50.926396Z  INFO herdr::logging: tab focused event="tab.focus" subsystem="tab" outcome="ok" workspace_id="wA" tab_id="wA:t2"
2026-07-03T07:30:55.957046Z  INFO herdr::logging: session saved event="persist.save" subsystem="persist" outcome="ok" path=/Users/bdumesnildot/.config/herdr/session.json workspaces=6
2026-07-03T07:32:01.373379Z  INFO herdr::app::actions: copied selection to clipboard
2026-07-03T07:32:18.559470Z  INFO herdr::logging: tab focused event="tab.focus" subsystem="tab" outcome="ok" workspace_id="wA" tab_id="wA:t1"
2026-07-03T07:32:23.598241Z  INFO herdr::logging: session saved event="persist.save" subsystem="persist" outcome="ok" path=/Users/bdumesnildot/.config/herdr/session.json workspaces=6
2026-07-03T07:35:22.776738Z  INFO herdr::app::actions: copied selection to clipboard
2026-07-03T07:36:34.878597Z  INFO herdr::logging: tab focused event="tab.focus" subsystem="tab" outcome="ok" workspace_id="wA" tab_id="wA:t2"
2026-07-03T07:36:36.061810Z  INFO herdr::logging: tab focused event="tab.focus" subsystem="tab" outcome="ok" workspace_id="wA" tab_id="wA:t1"
2026-07-03T07:36:41.103112Z  INFO herdr::logging: session saved event="persist.save" subsystem="persist" outcome="ok" path=/Users/bdumesnildot/.config/herdr/session.json workspaces=6
2026-07-03T07:37:58.344354Z  INFO herdr::app::actions: copied selection to clipboard
2026-07-03T07:49:27.154751Z  INFO herdr::logging: checking for updates event="update.check.start" subsystem="update" outcome="started"
2026-07-03T08:25:49.972723Z  INFO herdr::logging: checking for updates event="update.check.start" subsystem="update" outcome="started"
2026-07-03T08:55:50.475548Z  INFO herdr::logging: checking for updates event="update.check.start" subsystem="update" outcome="started"
2026-07-03T09:25:50.475374Z  INFO herdr::logging: checking for updates event="update.check.start" subsystem="update" outcome="started"
2026-07-03T09:55:50.484400Z  INFO herdr::logging: checking for updates event="update.check.start" subsystem="update" outcome="started"
2026-07-03T10:25:50.483544Z  INFO herdr::logging: checking for updates event="update.check.start" subsystem="update" outcome="started"
2026-07-03T10:55:50.506890Z  INFO herdr::logging: checking for updates event="update.check.start" subsystem="update" outcome="started"
2026-07-03T16:55:44.136969Z  INFO herdr::logging: checking for updates event="update.check.start" subsystem="update" outcome="started"
2026-07-06T07:02:48.264144Z  INFO herdr::logging: checking for updates event="update.check.start" subsystem="update" outcome="started"
2026-07-06T07:37:26.757804Z  INFO herdr::logging: workspace focused event="workspace.focus" subsystem="workspace" outcome="ok" workspace_id="w2"
2026-07-06T07:37:26.759523Z  INFO herdr::logging: tab focused event="tab.focus" subsystem="tab" outcome="ok" workspace_id="w2" tab_id="w2:t1"
2026-07-06T07:37:31.792921Z  INFO herdr::logging: session saved event="persist.save" subsystem="persist" outcome="ok" path=/Users/bdumesnildot/.config/herdr/session.json workspaces=6
2026-07-06T07:37:34.875201Z  INFO herdr::pane: agent changed pane=2 previous_agent=Some(OpenCode) agent=None pgid=Some(42292)
2026-07-06T07:37:37.085154Z  INFO herdr::logging: workspace focused event="workspace.focus" subsystem="workspace" outcome="ok" workspace_id="w7"
2026-07-06T07:37:37.085374Z  INFO herdr::logging: tab focused event="tab.focus" subsystem="tab" outcome="ok" workspace_id="w7" tab_id="w7:t1"
2026-07-06T07:37:41.066962Z  INFO herdr::logging: workspace focused event="workspace.focus" subsystem="workspace" outcome="ok" workspace_id="w6"
2026-07-06T07:37:41.067141Z  INFO herdr::logging: tab focused event="tab.focus" subsystem="tab" outcome="ok" workspace_id="w6" tab_id="w6:t1"
2026-07-06T07:37:46.088873Z  INFO herdr::logging: session saved event="persist.save" subsystem="persist" outcome="ok" path=/Users/bdumesnildot/.config/herdr/session.json workspaces=6
2026-07-06T07:37:47.659899Z  INFO herdr::logging: workspace focused event="workspace.focus" subsystem="workspace" outcome="ok" workspace_id="wA"
2026-07-06T07:37:47.660035Z  INFO herdr::logging: tab focused event="tab.focus" subsystem="tab" outcome="ok" workspace_id="wA" tab_id="wA:t1"
2026-07-06T07:37:52.673472Z  INFO herdr::logging: session saved event="persist.save" subsystem="persist" outcome="ok" path=/Users/bdumesnildot/.config/herdr/session.json workspaces=6
2026-07-06T07:38:00.392898Z  INFO herdr::logging: workspace focused event="workspace.focus" subsystem="workspace" outcome="ok" workspace_id="w6"
2026-07-06T07:38:00.393127Z  INFO herdr::logging: tab focused event="tab.focus" subsystem="tab" outcome="ok" workspace_id="w6" tab_id="w6:t1"
2026-07-06T07:38:05.407553Z  INFO herdr::logging: session saved event="persist.save" subsystem="persist" outcome="ok" path=/Users/bdumesnildot/.config/herdr/session.json workspaces=6
2026-07-06T07:39:31.125408Z  INFO herdr::logging: workspace focused event="workspace.focus" subsystem="workspace" outcome="ok" workspace_id="w7"
2026-07-06T07:39:31.126837Z  INFO herdr::logging: tab focused event="tab.focus" subsystem="tab" outcome="ok" workspace_id="w7" tab_id="w7:t1"
2026-07-06T07:39:36.151638Z  INFO herdr::logging: session saved event="persist.save" subsystem="persist" outcome="ok" path=/Users/bdumesnildot/.config/herdr/session.json workspaces=6
2026-07-06T07:39:38.984949Z  INFO herdr::logging: workspace focused event="workspace.focus" subsystem="workspace" outcome="ok" workspace_id="w7"
2026-07-06T07:39:38.986277Z  INFO herdr::logging: tab focused event="tab.focus" subsystem="tab" outcome="ok" workspace_id="w7" tab_id="w7:t1"
2026-07-06T07:39:44.008113Z  INFO herdr::logging: session saved event="persist.save" subsystem="persist" outcome="ok" path=/Users/bdumesnildot/.config/herdr/session.json workspaces=6
2026-07-06T07:39:59.792970Z  INFO herdr::logging: workspace focused event="workspace.focus" subsystem="workspace" outcome="ok" workspace_id="wA"
2026-07-06T07:39:59.794453Z  INFO herdr::logging: tab focused event="tab.focus" subsystem="tab" outcome="ok" workspace_id="wA" tab_id="wA:t1"
2026-07-06T07:40:04.815980Z  INFO herdr::logging: session saved event="persist.save" subsystem="persist" outcome="ok" path=/Users/bdumesnildot/.config/herdr/session.json workspaces=6
2026-07-06T07:40:07.487528Z  INFO herdr::logging: workspace focused event="workspace.focus" subsystem="workspace" outcome="ok" workspace_id="w6"
2026-07-06T07:40:07.488036Z  INFO herdr::logging: tab focused event="tab.focus" subsystem="tab" outcome="ok" workspace_id="w6" tab_id="w6:t1"
2026-07-06T07:40:12.502937Z  INFO herdr::logging: session saved event="persist.save" subsystem="persist" outcome="ok" path=/Users/bdumesnildot/.config/herdr/session.json workspaces=6
2026-07-06T07:40:16.262148Z  INFO herdr::logging: workspace focused event="workspace.focus" subsystem="workspace" outcome="ok" workspace_id="w7"
2026-07-06T07:40:16.264649Z  INFO herdr::logging: tab focused event="tab.focus" subsystem="tab" outcome="ok" workspace_id="w7" tab_id="w7:t1"
2026-07-06T07:40:21.293859Z  INFO herdr::logging: session saved event="persist.save" subsystem="persist" outcome="ok" path=/Users/bdumesnildot/.config/herdr/session.json workspaces=6
2026-07-06T07:42:02.689820Z  INFO herdr::server::headless: client detach requested via keybind client_id=4
2026-07-06T07:42:02.695252Z  INFO herdr::server::headless: client disconnected client_id=4
2026-07-06T07:42:04.508873Z  INFO herdr::server::headless: client connected client_id=6 cols=185 rows=53 cell_width_px=0 cell_height_px=0 render_encoding=SemanticFrame
2026-07-06T07:42:11.039809Z  INFO herdr::logging: workspace focused event="workspace.focus" subsystem="workspace" outcome="ok" workspace_id="w6"
2026-07-06T07:42:11.040443Z  INFO herdr::logging: tab focused event="tab.focus" subsystem="tab" outcome="ok" workspace_id="w6" tab_id="w6:t1"
2026-07-06T07:42:16.072364Z  INFO herdr::logging: session saved event="persist.save" subsystem="persist" outcome="ok" path=/Users/bdumesnildot/.config/herdr/session.json workspaces=6
2026-07-06T07:42:53.853824Z  INFO herdr::pane: agent changed pane=6 previous_agent=None agent=Some(OpenCode) process=opencode pgid=Some(85986)
2026-07-06T07:45:30.261221Z  INFO herdr::pane: agent changed pane=6 previous_agent=None agent=Some(OpenCode) process=opencode pgid=Some(85986)
2026-07-06T07:45:34.835658Z  INFO herdr::logging: workspace focused event="workspace.focus" subsystem="workspace" outcome="ok" workspace_id="wA"
2026-07-06T07:45:34.835957Z  INFO herdr::logging: tab focused event="tab.focus" subsystem="tab" outcome="ok" workspace_id="wA" tab_id="wA:t1"
2026-07-06T07:45:39.848711Z  INFO herdr::logging: session saved event="persist.save" subsystem="persist" outcome="ok" path=/Users/bdumesnildot/.config/herdr/session.json workspaces=6
2026-07-06T07:45:47.593723Z  INFO herdr::logging: workspace focused event="workspace.focus" subsystem="workspace" outcome="ok" workspace_id="w9"
2026-07-06T07:45:47.593919Z  INFO herdr::logging: tab focused event="tab.focus" subsystem="tab" outcome="ok" workspace_id="w9" tab_id="w9:t1"
2026-07-06T07:45:52.606641Z  INFO herdr::logging: session saved event="persist.save" subsystem="persist" outcome="ok" path=/Users/bdumesnildot/.config/herdr/session.json workspaces=6
2026-07-06T07:46:28.223988Z  INFO herdr::logging: workspace focused event="workspace.focus" subsystem="workspace" outcome="ok" workspace_id="w7"
2026-07-06T07:46:28.225319Z  INFO herdr::logging: tab focused event="tab.focus" subsystem="tab" outcome="ok" workspace_id="w7" tab_id="w7:t1"
2026-07-06T07:46:33.238163Z  INFO herdr::logging: session saved event="persist.save" subsystem="persist" outcome="ok" path=/Users/bdumesnildot/.config/herdr/session.json workspaces=6
2026-07-06T07:46:35.061617Z  INFO herdr::logging: workspace focused event="workspace.focus" subsystem="workspace" outcome="ok" workspace_id="w6"
2026-07-06T07:46:35.061733Z  INFO herdr::logging: tab focused event="tab.focus" subsystem="tab" outcome="ok" workspace_id="w6" tab_id="w6:t1"
2026-07-06T07:46:40.071404Z  INFO herdr::logging: session saved event="persist.save" subsystem="persist" outcome="ok" path=/Users/bdumesnildot/.config/herdr/session.json workspaces=6
2026-07-06T07:46:43.565640Z  INFO herdr::logging: spawning pane terminal event="pane.spawn.start" subsystem="pane" outcome="started" pane_id=21 rows=52 cols=159 scrollback_limit_bytes=10000000
2026-07-06T07:46:43.573844Z  INFO herdr::logging: pane child spawned event="pane.spawned" subsystem="pane" outcome="ok" pane_id=21 pid=90358
2026-07-06T07:46:43.574356Z  INFO herdr::logging: tab focused event="tab.focus" subsystem="tab" outcome="ok" workspace_id="w6" tab_id="w6:t2"
2026-07-06T07:46:43.574389Z  INFO herdr::logging: tab created event="tab.create" subsystem="tab" outcome="ok" workspace_id="w6" tab_id="w6:t2" pane_id=21
2026-07-06T07:46:48.251668Z  INFO herdr::logging: tab focused event="tab.focus" subsystem="tab" outcome="ok" workspace_id="w6" tab_id="w6:t1"
2026-07-06T07:46:51.351666Z  INFO herdr::logging: workspace focused event="workspace.focus" subsystem="workspace" outcome="ok" workspace_id="w2"
2026-07-06T07:46:51.351862Z  INFO herdr::logging: tab focused event="tab.focus" subsystem="tab" outcome="ok" workspace_id="w2" tab_id="w2:t1"
2026-07-06T07:46:56.379232Z  INFO herdr::logging: session saved event="persist.save" subsystem="persist" outcome="ok" path=/Users/bdumesnildot/.config/herdr/session.json workspaces=6
2026-07-06T07:50:22.815352Z  INFO herdr::logging: workspace focused event="workspace.focus" subsystem="workspace" outcome="ok" workspace_id="w6"
2026-07-06T07:50:22.815677Z  INFO herdr::logging: tab focused event="tab.focus" subsystem="tab" outcome="ok" workspace_id="w6" tab_id="w6:t1"
2026-07-06T07:50:27.837052Z  INFO herdr::logging: session saved event="persist.save" subsystem="persist" outcome="ok" path=/Users/bdumesnildot/.config/herdr/session.json workspaces=6
2026-07-06T07:51:23.156319Z  INFO herdr::logging: checking for updates event="update.check.start" subsystem="update" outcome="started"
2026-07-06T07:51:29.605404Z  INFO herdr::logging: workspace focused event="workspace.focus" subsystem="workspace" outcome="ok" workspace_id="wA"
2026-07-06T07:51:29.605545Z  INFO herdr::logging: tab focused event="tab.focus" subsystem="tab" outcome="ok" workspace_id="wA" tab_id="wA:t1"
2026-07-06T07:51:34.620495Z  INFO herdr::logging: session saved event="persist.save" subsystem="persist" outcome="ok" path=/Users/bdumesnildot/.config/herdr/session.json workspaces=6
2026-07-06T07:53:04.000618Z  INFO herdr::logging: workspace focused event="workspace.focus" subsystem="workspace" outcome="ok" workspace_id="w6"
2026-07-06T07:53:04.000817Z  INFO herdr::logging: tab focused event="tab.focus" subsystem="tab" outcome="ok" workspace_id="w6" tab_id="w6:t1"
2026-07-06T07:53:09.014493Z  INFO herdr::logging: session saved event="persist.save" subsystem="persist" outcome="ok" path=/Users/bdumesnildot/.config/herdr/session.json workspaces=6
2026-07-06T07:56:13.617915Z  INFO herdr::logging: workspace focused event="workspace.focus" subsystem="workspace" outcome="ok" workspace_id="w7"
2026-07-06T07:56:13.618980Z  INFO herdr::logging: tab focused event="tab.focus" subsystem="tab" outcome="ok" workspace_id="w7" tab_id="w7:t1"
2026-07-06T07:56:18.633885Z  INFO herdr::logging: session saved event="persist.save" subsystem="persist" outcome="ok" path=/Users/bdumesnildot/.config/herdr/session.json workspaces=6
2026-07-06T08:00:50.055730Z  INFO herdr::logging: workspace focused event="workspace.focus" subsystem="workspace" outcome="ok" workspace_id="wA"
2026-07-06T08:00:50.057677Z  INFO herdr::logging: tab focused event="tab.focus" subsystem="tab" outcome="ok" workspace_id="wA" tab_id="wA:t1"
2026-07-06T08:00:55.076127Z  INFO herdr::logging: session saved event="persist.save" subsystem="persist" outcome="ok" path=/Users/bdumesnildot/.config/herdr/session.json workspaces=6
2026-07-06T08:21:23.146352Z  INFO herdr::logging: checking for updates event="update.check.start" subsystem="update" outcome="started"
2026-07-06T08:31:09.154033Z  INFO herdr::logging: workspace focused event="workspace.focus" subsystem="workspace" outcome="ok" workspace_id="w6"
2026-07-06T08:31:09.154940Z  INFO herdr::logging: tab focused event="tab.focus" subsystem="tab" outcome="ok" workspace_id="w6" tab_id="w6:t1"
2026-07-06T08:31:14.196427Z  INFO herdr::logging: session saved event="persist.save" subsystem="persist" outcome="ok" path=/Users/bdumesnildot/.config/herdr/session.json workspaces=6
2026-07-06T08:31:15.298442Z  INFO herdr::logging: workspace focused event="workspace.focus" subsystem="workspace" outcome="ok" workspace_id="w7"
2026-07-06T08:31:15.298599Z  INFO herdr::logging: tab focused event="tab.focus" subsystem="tab" outcome="ok" workspace_id="w7" tab_id="w7:t1"
2026-07-06T08:31:20.334332Z  INFO herdr::logging: session saved event="persist.save" subsystem="persist" outcome="ok" path=/Users/bdumesnildot/.config/herdr/session.json workspaces=6
2026-07-06T08:51:23.135025Z  INFO herdr::logging: checking for updates event="update.check.start" subsystem="update" outcome="started"
2026-07-06T09:21:23.180516Z  INFO herdr::logging: checking for updates event="update.check.start" subsystem="update" outcome="started"
2026-07-06T09:51:23.198330Z  INFO herdr::logging: checking for updates event="update.check.start" subsystem="update" outcome="started"
2026-07-06T10:02:56.576566Z  INFO herdr::logging: workspace focused event="workspace.focus" subsystem="workspace" outcome="ok" workspace_id="w6"
2026-07-06T10:02:56.577653Z  INFO herdr::logging: tab focused event="tab.focus" subsystem="tab" outcome="ok" workspace_id="w6" tab_id="w6:t1"
2026-07-06T10:03:01.621854Z  INFO herdr::logging: session saved event="persist.save" subsystem="persist" outcome="ok" path=/Users/bdumesnildot/.config/herdr/session.json workspaces=6
2026-07-06T10:21:23.210405Z  INFO herdr::logging: checking for updates event="update.check.start" subsystem="update" outcome="started"
2026-07-06T10:51:23.189327Z  INFO herdr::logging: checking for updates event="update.check.start" subsystem="update" outcome="started"
2026-07-06T10:58:24.810239Z  INFO herdr::logging: workspace focused event="workspace.focus" subsystem="workspace" outcome="ok" workspace_id="w7"
2026-07-06T10:58:24.811008Z  INFO herdr::logging: tab focused event="tab.focus" subsystem="tab" outcome="ok" workspace_id="w7" tab_id="w7:t1"
2026-07-06T10:58:29.848126Z  INFO herdr::logging: session saved event="persist.save" subsystem="persist" outcome="ok" path=/Users/bdumesnildot/.config/herdr/session.json workspaces=6
2026-07-06T10:58:31.815635Z  INFO herdr::pane: agent changed pane=7 previous_agent=None agent=Some(OpenCode) process=opencode pgid=Some(98616)
2026-07-06T10:59:01.436740Z  INFO herdr::pane: agent changed pane=7 previous_agent=None agent=Some(OpenCode) process=opencode pgid=Some(98616)
2026-07-06T10:59:06.426420Z  INFO herdr::logging: session saved event="persist.save" subsystem="persist" outcome="ok" path=/Users/bdumesnildot/.config/herdr/session.json workspaces=6
2026-07-06T11:21:23.172040Z  INFO herdr::logging: checking for updates event="update.check.start" subsystem="update" outcome="started"
2026-07-06T11:51:23.179792Z  INFO herdr::logging: checking for updates event="update.check.start" subsystem="update" outcome="started"
2026-07-06T12:21:27.132997Z  INFO herdr::logging: checking for updates event="update.check.start" subsystem="update" outcome="started"
2026-07-06T12:43:24.390369Z  INFO herdr::logging: workspace focused event="workspace.focus" subsystem="workspace" outcome="ok" workspace_id="w1"
2026-07-06T12:43:24.391330Z  INFO herdr::logging: tab focused event="tab.focus" subsystem="tab" outcome="ok" workspace_id="w1" tab_id="w1:t4"
2026-07-06T12:43:26.799386Z  INFO herdr::pane: agent changed pane=11 previous_agent=None agent=Some(OpenCode) process=opencode pgid=Some(1729)
2026-07-06T12:43:29.409022Z  INFO herdr::logging: session saved event="persist.save" subsystem="persist" outcome="ok" path=/Users/bdumesnildot/.config/herdr/session.json workspaces=6
2026-07-06T12:45:07.452939Z  INFO herdr::pane: agent changed pane=11 previous_agent=None agent=Some(OpenCode) process=opencode pgid=Some(1729)
2026-07-06T12:45:12.464206Z  INFO herdr::logging: session saved event="persist.save" subsystem="persist" outcome="ok" path=/Users/bdumesnildot/.config/herdr/session.json workspaces=6
2026-07-06T12:51:44.689566Z  INFO herdr::logging: checking for updates event="update.check.start" subsystem="update" outcome="started"
2026-07-06T13:03:57.072403Z  INFO herdr::pane: agent changed pane=11 previous_agent=Some(OpenCode) agent=None pgid=Some(47092)
2026-07-06T13:04:00.665399Z  INFO herdr::logging: workspace focused event="workspace.focus" subsystem="workspace" outcome="ok" workspace_id="w7"
2026-07-06T13:04:00.666784Z  INFO herdr::logging: tab focused event="tab.focus" subsystem="tab" outcome="ok" workspace_id="w7" tab_id="w7:t1"
2026-07-06T13:04:05.707501Z  INFO herdr::logging: session saved event="persist.save" subsystem="persist" outcome="ok" path=/Users/bdumesnildot/.config/herdr/session.json workspaces=6
2026-07-06T13:21:44.687785Z  INFO herdr::logging: checking for updates event="update.check.start" subsystem="update" outcome="started"
2026-07-06T13:51:44.717558Z  INFO herdr::logging: checking for updates event="update.check.start" subsystem="update" outcome="started"
2026-07-06T14:21:44.734615Z  INFO herdr::logging: checking for updates event="update.check.start" subsystem="update" outcome="started"
2026-07-06T14:51:44.763687Z  INFO herdr::logging: checking for updates event="update.check.start" subsystem="update" outcome="started"
2026-07-06T15:21:44.747760Z  INFO herdr::logging: checking for updates event="update.check.start" subsystem="update" outcome="started"
2026-07-06T15:26:40.905332Z  INFO herdr::logging: workspace focused event="workspace.focus" subsystem="workspace" outcome="ok" workspace_id="w6"
2026-07-06T15:26:40.906063Z  INFO herdr::logging: tab focused event="tab.focus" subsystem="tab" outcome="ok" workspace_id="w6" tab_id="w6:t1"
2026-07-06T15:26:45.929878Z  INFO herdr::logging: session saved event="persist.save" subsystem="persist" outcome="ok" path=/Users/bdumesnildot/.config/herdr/session.json workspaces=6
2026-07-06T15:27:02.731313Z  INFO herdr::logging: workspace focused event="workspace.focus" subsystem="workspace" outcome="ok" workspace_id="w7"
2026-07-06T15:27:02.732127Z  INFO herdr::logging: tab focused event="tab.focus" subsystem="tab" outcome="ok" workspace_id="w7" tab_id="w7:t1"
2026-07-06T15:27:07.741274Z  INFO herdr::logging: session saved event="persist.save" subsystem="persist" outcome="ok" path=/Users/bdumesnildot/.config/herdr/session.json workspaces=6
2026-07-06T15:51:44.745478Z  INFO herdr::logging: checking for updates event="update.check.start" subsystem="update" outcome="started"
2026-07-07T06:10:51.814595Z  INFO herdr::pane: agent changed pane=7 previous_agent=Some(OpenCode) agent=None pgid=Some(43403)
2026-07-07T06:10:53.829498Z  INFO herdr::pane: agent changed pane=7 previous_agent=None agent=Some(OpenCode) process=opencode pgid=Some(11200)
2026-07-07T06:10:56.544117Z  INFO herdr::logging: session saved event="persist.save" subsystem="persist" outcome="ok" path=/Users/bdumesnildot/.config/herdr/session.json workspaces=6
2026-07-07T06:12:43.257861Z  INFO herdr::pane: agent changed pane=7 previous_agent=None agent=Some(OpenCode) process=opencode pgid=Some(11200)
2026-07-07T06:12:48.281587Z  INFO herdr::logging: session saved event="persist.save" subsystem="persist" outcome="ok" path=/Users/bdumesnildot/.config/herdr/session.json workspaces=6
2026-07-07T06:13:36.528815Z  INFO herdr::logging: checking for updates event="update.check.start" subsystem="update" outcome="started"
2026-07-07T06:42:25.457406Z  INFO herdr::logging: workspace focused event="workspace.focus" subsystem="workspace" outcome="ok" workspace_id="w6"
2026-07-07T06:42:25.458776Z  INFO herdr::logging: tab focused event="tab.focus" subsystem="tab" outcome="ok" workspace_id="w6" tab_id="w6:t1"
2026-07-07T06:42:27.470603Z  INFO herdr::logging: workspace focused event="workspace.focus" subsystem="workspace" outcome="ok" workspace_id="w7"
2026-07-07T06:42:27.470808Z  INFO herdr::logging: tab focused event="tab.focus" subsystem="tab" outcome="ok" workspace_id="w7" tab_id="w7:t1"
2026-07-07T06:42:32.509493Z  INFO herdr::logging: session saved event="persist.save" subsystem="persist" outcome="ok" path=/Users/bdumesnildot/.config/herdr/session.json workspaces=6
2026-07-07T06:43:36.545173Z  INFO herdr::logging: checking for updates event="update.check.start" subsystem="update" outcome="started"
2026-07-07T06:44:09.251953Z  INFO herdr::logging: tab focused event="tab.focus" subsystem="tab" outcome="ok" workspace_id="w7" tab_id="w7:t2"
2026-07-07T06:44:14.289843Z  INFO herdr::logging: session saved event="persist.save" subsystem="persist" outcome="ok" path=/Users/bdumesnildot/.config/herdr/session.json workspaces=6
2026-07-07T06:44:18.574169Z  INFO herdr::app::actions: copied selection to clipboard
2026-07-07T07:12:30.986624Z  INFO herdr::logging: tab focused event="tab.focus" subsystem="tab" outcome="ok" workspace_id="w7" tab_id="w7:t1"
2026-07-07T07:12:31.050621Z  INFO herdr::logging: tab focused event="tab.focus" subsystem="tab" outcome="ok" workspace_id="w7" tab_id="w7:t1"
2026-07-07T07:12:36.079086Z  INFO herdr::logging: session saved event="persist.save" subsystem="persist" outcome="ok" path=/Users/bdumesnildot/.config/herdr/session.json workspaces=6
2026-07-07T07:19:29.914386Z  INFO herdr::logging: checking for updates event="update.check.start" subsystem="update" outcome="started"
2026-07-07T07:43:56.737548Z  INFO herdr::pane: agent changed pane=7 previous_agent=Some(OpenCode) agent=None pgid=Some(43403)
2026-07-07T07:44:01.470143Z  INFO herdr::logging: session saved event="persist.save" subsystem="persist" outcome="ok" path=/Users/bdumesnildot/.config/herdr/session.json workspaces=6
2026-07-07T07:49:41.063696Z  INFO herdr::logging: checking for updates event="update.check.start" subsystem="update" outcome="started"
2026-07-07T07:50:30.467988Z  INFO herdr::pane: agent changed pane=7 previous_agent=None agent=Some(OpenCode) process=opencode pgid=Some(20578)
2026-07-07T07:52:37.642329Z  INFO herdr::pane: agent changed pane=7 previous_agent=None agent=Some(OpenCode) process=opencode pgid=Some(20578)
2026-07-07T07:52:42.631759Z  INFO herdr::logging: session saved event="persist.save" subsystem="persist" outcome="ok" path=/Users/bdumesnildot/.config/herdr/session.json workspaces=6
2026-07-07T08:19:40.980109Z  INFO herdr::logging: checking for updates event="update.check.start" subsystem="update" outcome="started"
2026-07-07T08:31:00.553759Z  INFO herdr::logging: tab focused event="tab.focus" subsystem="tab" outcome="ok" workspace_id="w7" tab_id="w7:t2"
2026-07-07T08:31:05.595313Z  INFO herdr::logging: session saved event="persist.save" subsystem="persist" outcome="ok" path=/Users/bdumesnildot/.config/herdr/session.json workspaces=6
2026-07-07T08:43:59.084315Z  INFO herdr::logging: tab focused event="tab.focus" subsystem="tab" outcome="ok" workspace_id="w7" tab_id="w7:t1"
2026-07-07T08:44:04.117978Z  INFO herdr::logging: session saved event="persist.save" subsystem="persist" outcome="ok" path=/Users/bdumesnildot/.config/herdr/session.json workspaces=6
2026-07-07T08:49:41.001016Z  INFO herdr::logging: checking for updates event="update.check.start" subsystem="update" outcome="started"
2026-07-07T09:19:40.974825Z  INFO herdr::logging: checking for updates event="update.check.start" subsystem="update" outcome="started"
2026-07-07T09:45:58.508478Z  INFO herdr::logging: workspace focused event="workspace.focus" subsystem="workspace" outcome="ok" workspace_id="w1"
2026-07-07T09:45:58.510055Z  INFO herdr::logging: tab focused event="tab.focus" subsystem="tab" outcome="ok" workspace_id="w1" tab_id="w1:t4"
2026-07-07T09:46:03.539757Z  INFO herdr::logging: session saved event="persist.save" subsystem="persist" outcome="ok" path=/Users/bdumesnildot/.config/herdr/session.json workspaces=6
2026-07-07T09:46:11.917595Z  INFO herdr::logging: workspace focused event="workspace.focus" subsystem="workspace" outcome="ok" workspace_id="w7"
2026-07-07T09:46:11.918028Z  INFO herdr::logging: tab focused event="tab.focus" subsystem="tab" outcome="ok" workspace_id="w7" tab_id="w7:t1"
2026-07-07T09:46:16.948122Z  INFO herdr::logging: session saved event="persist.save" subsystem="persist" outcome="ok" path=/Users/bdumesnildot/.config/herdr/session.json workspaces=6
2026-07-07T09:46:28.771864Z  INFO herdr::pane: agent changed pane=7 previous_agent=Some(OpenCode) agent=None pgid=Some(43403)
2026-07-07T09:46:33.495951Z  INFO herdr::logging: session saved event="persist.save" subsystem="persist" outcome="ok" path=/Users/bdumesnildot/.config/herdr/session.json workspaces=6
2026-07-07T09:50:00.137798Z  INFO herdr::logging: checking for updates event="update.check.start" subsystem="update" outcome="started"
2026-07-07T09:51:54.758978Z  INFO herdr::logging: workspace focused event="workspace.focus" subsystem="workspace" outcome="ok" workspace_id="w1"
2026-07-07T09:51:54.761161Z  INFO herdr::logging: tab focused event="tab.focus" subsystem="tab" outcome="ok" workspace_id="w1" tab_id="w1:t4"
2026-07-07T09:51:57.309710Z  INFO herdr::logging: tab focused event="tab.focus" subsystem="tab" outcome="ok" workspace_id="w1" tab_id="w1:t3"
2026-07-07T09:52:02.346038Z  INFO herdr::logging: session saved event="persist.save" subsystem="persist" outcome="ok" path=/Users/bdumesnildot/.config/herdr/session.json workspaces=6
2026-07-07T09:52:28.810673Z  INFO herdr::pane: agent changed pane=10 previous_agent=None agent=Some(OpenCode) process=opencode pgid=Some(28117)
2026-07-07T09:52:38.239870Z  INFO herdr::pane: agent changed pane=10 previous_agent=Some(OpenCode) agent=None pgid=Some(46875)
2026-07-07T09:52:42.276552Z  INFO herdr::pane: agent changed pane=10 previous_agent=None agent=Some(OpenCode) process=opencode pgid=Some(28942)
2026-07-07T09:53:27.161982Z  INFO herdr::pane: agent changed pane=10 previous_agent=None agent=Some(OpenCode) process=opencode pgid=Some(28942)
2026-07-07T09:53:32.182362Z  INFO herdr::logging: session saved event="persist.save" subsystem="persist" outcome="ok" path=/Users/bdumesnildot/.config/herdr/session.json workspaces=6
2026-07-07T09:58:26.923856Z  INFO herdr::logging: session saved event="persist.save" subsystem="persist" outcome="ok" path=/Users/bdumesnildot/.config/herdr/session.json workspaces=6
2026-07-07T11:05:55.199319Z  INFO herdr::logging: checking for updates event="update.check.start" subsystem="update" outcome="started"
2026-07-07T11:35:55.181701Z  INFO herdr::logging: checking for updates event="update.check.start" subsystem="update" outcome="started"
2026-07-07T12:05:57.968944Z  INFO herdr::logging: checking for updates event="update.check.start" subsystem="update" outcome="started"
2026-07-07T12:18:30.515502Z  INFO herdr::logging: tab focused event="tab.focus" subsystem="tab" outcome="ok" workspace_id="w1" tab_id="w1:t4"
2026-07-07T12:18:30.516947Z  INFO herdr::logging: tab focused event="tab.focus" subsystem="tab" outcome="ok" workspace_id="w1" tab_id="w1:t2"
2026-07-07T12:18:30.516975Z  INFO herdr::logging: tab focused event="tab.focus" subsystem="tab" outcome="ok" workspace_id="w1" tab_id="w1:t3"
2026-07-07T12:18:30.520096Z  INFO herdr::logging: tab focused event="tab.focus" subsystem="tab" outcome="ok" workspace_id="w1" tab_id="w1:t4"
2026-07-07T12:18:30.521502Z  INFO herdr::logging: tab focused event="tab.focus" subsystem="tab" outcome="ok" workspace_id="w1" tab_id="w1:t2"
2026-07-07T12:18:30.521547Z  INFO herdr::logging: tab focused event="tab.focus" subsystem="tab" outcome="ok" workspace_id="w1" tab_id="w1:t3"
2026-07-07T12:18:30.521567Z  INFO herdr::logging: tab focused event="tab.focus" subsystem="tab" outcome="ok" workspace_id="w1" tab_id="w1:t4"
2026-07-07T12:18:30.544064Z  INFO herdr::logging: tab focused event="tab.focus" subsystem="tab" outcome="ok" workspace_id="w1" tab_id="w1:t2"
2026-07-07T12:18:30.544955Z  INFO herdr::logging: tab focused event="tab.focus" subsystem="tab" outcome="ok" workspace_id="w1" tab_id="w1:t3"
2026-07-07T12:18:30.544993Z  INFO herdr::logging: tab focused event="tab.focus" subsystem="tab" outcome="ok" workspace_id="w1" tab_id="w1:t4"
2026-07-07T12:18:30.545014Z  INFO herdr::logging: tab focused event="tab.focus" subsystem="tab" outcome="ok" workspace_id="w1" tab_id="w1:t2"
2026-07-07T12:18:30.545031Z  INFO herdr::logging: tab focused event="tab.focus" subsystem="tab" outcome="ok" workspace_id="w1" tab_id="w1:t3"
2026-07-07T12:18:35.575461Z  INFO herdr::logging: session saved event="persist.save" subsystem="persist" outcome="ok" path=/Users/bdumesnildot/.config/herdr/session.json workspaces=6
2026-07-07T12:22:38.828091Z  INFO herdr::logging: tab focused event="tab.focus" subsystem="tab" outcome="ok" workspace_id="w1" tab_id="w1:t4"
2026-07-07T12:22:43.853854Z  INFO herdr::logging: session saved event="persist.save" subsystem="persist" outcome="ok" path=/Users/bdumesnildot/.config/herdr/session.json workspaces=6
2026-07-07T12:23:33.055507Z  INFO herdr::logging: session saved event="persist.save" subsystem="persist" outcome="ok" path=/Users/bdumesnildot/.config/herdr/session.json workspaces=6
2026-07-07T12:25:44.773985Z  INFO herdr::logging: tab focused event="tab.focus" subsystem="tab" outcome="ok" workspace_id="w1" tab_id="w1:t3"
2026-07-07T12:25:49.810334Z  INFO herdr::logging: session saved event="persist.save" subsystem="persist" outcome="ok" path=/Users/bdumesnildot/.config/herdr/session.json workspaces=6
2026-07-07T12:25:52.064452Z  INFO herdr::logging: workspace focused event="workspace.focus" subsystem="workspace" outcome="ok" workspace_id="w6"
2026-07-07T12:25:52.065291Z  INFO herdr::logging: tab focused event="tab.focus" subsystem="tab" outcome="ok" workspace_id="w6" tab_id="w6:t1"
2026-07-07T12:25:52.439681Z  INFO herdr::logging: workspace focused event="workspace.focus" subsystem="workspace" outcome="ok" workspace_id="w1"
2026-07-07T12:25:52.439821Z  INFO herdr::logging: tab focused event="tab.focus" subsystem="tab" outcome="ok" workspace_id="w1" tab_id="w1:t3"
2026-07-07T12:25:57.467912Z  INFO herdr::logging: session saved event="persist.save" subsystem="persist" outcome="ok" path=/Users/bdumesnildot/.config/herdr/session.json workspaces=6
2026-07-07T12:26:56.257008Z  INFO herdr::logging: tab focused event="tab.focus" subsystem="tab" outcome="ok" workspace_id="w1" tab_id="w1:t4"
2026-07-07T12:27:01.289651Z  INFO herdr::logging: session saved event="persist.save" subsystem="persist" outcome="ok" path=/Users/bdumesnildot/.config/herdr/session.json workspaces=6
2026-07-07T12:35:57.985660Z  INFO herdr::logging: checking for updates event="update.check.start" subsystem="update" outcome="started"
2026-07-07T12:45:08.467473Z  INFO herdr::logging: tab focused event="tab.focus" subsystem="tab" outcome="ok" workspace_id="w1" tab_id="w1:t2"
2026-07-07T12:45:13.508470Z  INFO herdr::logging: session saved event="persist.save" subsystem="persist" outcome="ok" path=/Users/bdumesnildot/.config/herdr/session.json workspaces=6
2026-07-07T13:01:39.936542Z  INFO herdr::logging: workspace focused event="workspace.focus" subsystem="workspace" outcome="ok" workspace_id="wA"
2026-07-07T13:01:39.937912Z  INFO herdr::logging: tab focused event="tab.focus" subsystem="tab" outcome="ok" workspace_id="wA" tab_id="wA:t1"
2026-07-07T13:01:44.987357Z  INFO herdr::logging: session saved event="persist.save" subsystem="persist" outcome="ok" path=/Users/bdumesnildot/.config/herdr/session.json workspaces=6
2026-07-07T13:01:45.918768Z  INFO herdr::pane: agent changed pane=12 previous_agent=None agent=Some(OpenCode) process=opencode pgid=Some(42423)
2026-07-07T13:02:27.763550Z  INFO herdr::server::headless: client resize client_id=6 cols=370 rows=106 cell_width_px=0 cell_height_px=0
2026-07-07T13:02:27.889061Z  INFO herdr::server::headless: client resize client_id=6 cols=185 rows=53 cell_width_px=0 cell_height_px=0
2026-07-07T13:02:31.374306Z  INFO herdr::logging: workspace focused event="workspace.focus" subsystem="workspace" outcome="ok" workspace_id="w6"
2026-07-07T13:02:31.374442Z  INFO herdr::logging: tab focused event="tab.focus" subsystem="tab" outcome="ok" workspace_id="w6" tab_id="w6:t1"
2026-07-07T13:02:33.281136Z  INFO herdr::logging: workspace focused event="workspace.focus" subsystem="workspace" outcome="ok" workspace_id="w1"
2026-07-07T13:02:33.281319Z  INFO herdr::logging: tab focused event="tab.focus" subsystem="tab" outcome="ok" workspace_id="w1" tab_id="w1:t2"
2026-07-07T13:02:38.313791Z  INFO herdr::logging: session saved event="persist.save" subsystem="persist" outcome="ok" path=/Users/bdumesnildot/.config/herdr/session.json workspaces=6
2026-07-07T13:02:38.503924Z  INFO herdr::app::actions: copied selection to clipboard
2026-07-07T13:02:40.486615Z  INFO herdr::logging: workspace focused event="workspace.focus" subsystem="workspace" outcome="ok" workspace_id="wA"
2026-07-07T13:02:40.486785Z  INFO herdr::logging: tab focused event="tab.focus" subsystem="tab" outcome="ok" workspace_id="wA" tab_id="wA:t1"
2026-07-07T13:02:45.519527Z  INFO herdr::logging: session saved event="persist.save" subsystem="persist" outcome="ok" path=/Users/bdumesnildot/.config/herdr/session.json workspaces=6
2026-07-07T13:02:55.776458Z  INFO herdr::pane: agent changed pane=12 previous_agent=None agent=Some(OpenCode) process=opencode pgid=Some(42423)
2026-07-07T13:03:00.791371Z  INFO herdr::logging: session saved event="persist.save" subsystem="persist" outcome="ok" path=/Users/bdumesnildot/.config/herdr/session.json workspaces=6
2026-07-07T13:04:12.486418Z  INFO herdr::logging: workspace focused event="workspace.focus" subsystem="workspace" outcome="ok" workspace_id="w1"
2026-07-07T13:04:12.487663Z  INFO herdr::logging: tab focused event="tab.focus" subsystem="tab" outcome="ok" workspace_id="w1" tab_id="w1:t2"
2026-07-07T13:04:17.520827Z  INFO herdr::logging: session saved event="persist.save" subsystem="persist" outcome="ok" path=/Users/bdumesnildot/.config/herdr/session.json workspaces=6
2026-07-07T13:04:31.793542Z  INFO herdr::logging: workspace focused event="workspace.focus" subsystem="workspace" outcome="ok" workspace_id="wA"
2026-07-07T13:04:31.793669Z  INFO herdr::logging: tab focused event="tab.focus" subsystem="tab" outcome="ok" workspace_id="wA" tab_id="wA:t1"
2026-07-07T13:04:36.819910Z  INFO herdr::logging: session saved event="persist.save" subsystem="persist" outcome="ok" path=/Users/bdumesnildot/.config/herdr/session.json workspaces=6
2026-07-07T13:04:51.666321Z  INFO herdr::logging: workspace focused event="workspace.focus" subsystem="workspace" outcome="ok" workspace_id="w1"
2026-07-07T13:04:51.666609Z  INFO herdr::logging: tab focused event="tab.focus" subsystem="tab" outcome="ok" workspace_id="w1" tab_id="w1:t3"
2026-07-07T13:04:55.825578Z  INFO herdr::pane: agent changed pane=10 previous_agent=Some(OpenCode) agent=None pgid=Some(46875)
2026-07-07T13:04:57.725209Z  INFO herdr::logging: workspace focused event="workspace.focus" subsystem="workspace" outcome="ok" workspace_id="w6"
2026-07-07T13:04:57.725400Z  INFO herdr::logging: tab focused event="tab.focus" subsystem="tab" outcome="ok" workspace_id="w6" tab_id="w6:t1"
2026-07-07T13:05:02.747290Z  INFO herdr::logging: session saved event="persist.save" subsystem="persist" outcome="ok" path=/Users/bdumesnildot/.config/herdr/session.json workspaces=6
2026-07-07T13:05:57.993065Z  INFO herdr::logging: checking for updates event="update.check.start" subsystem="update" outcome="started"
2026-07-07T13:06:18.864434Z  INFO herdr::pane: agent changed pane=6 previous_agent=Some(OpenCode) agent=None pgid=Some(43214)
2026-07-07T13:06:19.663207Z  INFO herdr::logging: workspace focused event="workspace.focus" subsystem="workspace" outcome="ok" workspace_id="wA"
2026-07-07T13:06:19.663280Z  INFO herdr::logging: tab focused event="tab.focus" subsystem="tab" outcome="ok" workspace_id="wA" tab_id="wA:t1"
2026-07-07T13:06:24.252714Z  INFO herdr::server::headless: client resize client_id=6 cols=194 rows=54 cell_width_px=0 cell_height_px=0
2026-07-07T13:06:24.353402Z  INFO herdr::server::headless: client resize client_id=6 cols=217 rows=57 cell_width_px=0 cell_height_px=0
2026-07-07T13:06:24.458487Z  INFO herdr::server::headless: client resize client_id=6 cols=233 rows=58 cell_width_px=0 cell_height_px=0
2026-07-07T13:06:24.563534Z  INFO herdr::server::headless: client resize client_id=6 cols=236 rows=59 cell_width_px=0 cell_height_px=0
2026-07-07T13:06:24.689111Z  INFO herdr::logging: session saved event="persist.save" subsystem="persist" outcome="ok" path=/Users/bdumesnildot/.config/herdr/session.json workspaces=6
2026-07-07T13:06:56.903626Z  INFO herdr::logging: tab focused event="tab.focus" subsystem="tab" outcome="ok" workspace_id="wA" tab_id="wA:t2"
2026-07-07T13:07:01.942754Z  INFO herdr::logging: session saved event="persist.save" subsystem="persist" outcome="ok" path=/Users/bdumesnildot/.config/herdr/session.json workspaces=6
2026-07-07T13:07:22.982495Z  INFO herdr::logging: tab focused event="tab.focus" subsystem="tab" outcome="ok" workspace_id="wA" tab_id="wA:t1"
2026-07-07T13:07:28.025597Z  INFO herdr::logging: session saved event="persist.save" subsystem="persist" outcome="ok" path=/Users/bdumesnildot/.config/herdr/session.json workspaces=6
2026-07-07T13:07:28.346620Z  INFO herdr::logging: tab focused event="tab.focus" subsystem="tab" outcome="ok" workspace_id="wA" tab_id="wA:t2"
2026-07-07T13:07:33.392673Z  INFO herdr::logging: session saved event="persist.save" subsystem="persist" outcome="ok" path=/Users/bdumesnildot/.config/herdr/session.json workspaces=6
2026-07-07T13:07:35.200654Z  INFO herdr::logging: tab focused event="tab.focus" subsystem="tab" outcome="ok" workspace_id="wA" tab_id="wA:t1"
2026-07-07T13:07:40.248379Z  INFO herdr::logging: session saved event="persist.save" subsystem="persist" outcome="ok" path=/Users/bdumesnildot/.config/herdr/session.json workspaces=6
2026-07-07T13:07:41.599160Z  INFO herdr::logging: tab focused event="tab.focus" subsystem="tab" outcome="ok" workspace_id="wA" tab_id="wA:t2"
2026-07-07T13:07:46.643774Z  INFO herdr::logging: session saved event="persist.save" subsystem="persist" outcome="ok" path=/Users/bdumesnildot/.config/herdr/session.json workspaces=6
2026-07-07T13:07:48.175466Z  INFO herdr::logging: tab focused event="tab.focus" subsystem="tab" outcome="ok" workspace_id="wA" tab_id="wA:t1"
2026-07-07T13:07:53.214228Z  INFO herdr::logging: session saved event="persist.save" subsystem="persist" outcome="ok" path=/Users/bdumesnildot/.config/herdr/session.json workspaces=6
2026-07-07T13:08:18.043632Z  INFO herdr::logging: tab focused event="tab.focus" subsystem="tab" outcome="ok" workspace_id="wA" tab_id="wA:t2"
2026-07-07T13:08:23.069292Z  INFO herdr::logging: session saved event="persist.save" subsystem="persist" outcome="ok" path=/Users/bdumesnildot/.config/herdr/session.json workspaces=6
2026-07-07T13:08:24.522836Z  INFO herdr::logging: tab focused event="tab.focus" subsystem="tab" outcome="ok" workspace_id="wA" tab_id="wA:t1"
2026-07-07T13:08:28.769554Z  INFO herdr::logging: tab focused event="tab.focus" subsystem="tab" outcome="ok" workspace_id="wA" tab_id="wA:t2"
2026-07-07T13:08:33.111899Z  INFO herdr::logging: tab focused event="tab.focus" subsystem="tab" outcome="ok" workspace_id="wA" tab_id="wA:t1"
2026-07-07T13:08:38.164433Z  INFO herdr::logging: session saved event="persist.save" subsystem="persist" outcome="ok" path=/Users/bdumesnildot/.config/herdr/session.json workspaces=6
2026-07-07T13:10:00.730886Z  INFO herdr::logging: tab focused event="tab.focus" subsystem="tab" outcome="ok" workspace_id="wA" tab_id="wA:t2"
2026-07-07T13:10:05.774115Z  INFO herdr::logging: session saved event="persist.save" subsystem="persist" outcome="ok" path=/Users/bdumesnildot/.config/herdr/session.json workspaces=6
2026-07-07T13:10:14.087187Z  INFO herdr::server::headless: server shutdown initiated
2026-07-07T13:10:14.141784Z  INFO herdr::server::headless: completing server shutdown
2026-07-07T13:10:14.208357Z  INFO herdr::logging: session saved event="persist.save" subsystem="persist" outcome="ok" path=/Users/bdumesnildot/.config/herdr/session.json workspaces=6
2026-07-07T13:10:14.208380Z  INFO herdr::server::headless: headless server exiting
2026-07-07T13:10:14.214121Z  INFO herdr::logging: pane child exited event="pane.exit" subsystem="pane" outcome="completed" pane_id=21 status="ExitStatus { code: 1, signal: None }"
2026-07-07T13:10:14.235169Z  INFO herdr::pane: pane session terminated pane=21 pid=90358 signal=Hangup
2026-07-07T13:10:14.773707Z  INFO herdr::logging: pane child exited event="pane.exit" subsystem="pane" outcome="completed" pane_id=9 status="ExitStatus { code: 1, signal: Some(\"Killed: 9\") }"
2026-07-07T13:10:14.791640Z  INFO herdr::pane: pane session terminated pane=9 pid=45629 signal=Kill
2026-07-07T13:10:15.306134Z  INFO herdr::logging: pane child exited event="pane.exit" subsystem="pane" outcome="completed" pane_id=20 status="ExitStatus { code: 1, signal: Some(\"Killed: 9\") }"
2026-07-07T13:10:15.326669Z  INFO herdr::pane: pane session terminated pane=20 pid=72179 signal=Kill
2026-07-07T13:10:15.851079Z  INFO herdr::logging: pane child exited event="pane.exit" subsystem="pane" outcome="completed" pane_id=11 status="ExitStatus { code: 1, signal: Some(\"Killed: 9\") }"
2026-07-07T13:10:15.865985Z  INFO herdr::pane: pane session terminated pane=11 pid=47092 signal=Kill
2026-07-07T13:10:16.401204Z  INFO herdr::logging: pane child exited event="pane.exit" subsystem="pane" outcome="completed" pane_id=10 status="ExitStatus { code: 1, signal: Some(\"Killed: 9\") }"
2026-07-07T13:10:16.419211Z  INFO herdr::pane: pane session terminated pane=10 pid=46875 signal=Kill
2026-07-07T13:10:16.968119Z  INFO herdr::logging: pane child exited event="pane.exit" subsystem="pane" outcome="completed" pane_id=1 status="ExitStatus { code: 1, signal: Some(\"Killed: 9\") }"
2026-07-07T13:10:16.983136Z  INFO herdr::pane: pane session terminated pane=1 pid=42291 signal=Kill
2026-07-07T13:10:17.506590Z  INFO herdr::logging: pane child exited event="pane.exit" subsystem="pane" outcome="completed" pane_id=7 status="ExitStatus { code: 1, signal: Some(\"Killed: 9\") }"
2026-07-07T13:10:17.522784Z  INFO herdr::pane: pane session terminated pane=7 pid=43403 signal=Kill
2026-07-07T13:10:18.051715Z  INFO herdr::logging: pane child exited event="pane.exit" subsystem="pane" outcome="completed" pane_id=12 status="ExitStatus { code: 1, signal: Some(\"Killed: 9\") }"
2026-07-07T13:10:18.069208Z  INFO herdr::pane: pane session terminated pane=12 pid=48504 signal=Kill
2026-07-07T13:10:18.599934Z  INFO herdr::logging: pane child exited event="pane.exit" subsystem="pane" outcome="completed" pane_id=19 status="ExitStatus { code: 1, signal: Some(\"Killed: 9\") }"
2026-07-07T13:10:18.617272Z  INFO herdr::pane: pane session terminated pane=19 pid=65226 signal=Kill
2026-07-07T13:10:19.129913Z  INFO herdr::logging: pane child exited event="pane.exit" subsystem="pane" outcome="completed" pane_id=6 status="ExitStatus { code: 1, signal: Some(\"Killed: 9\") }"
2026-07-07T13:10:19.150981Z  INFO herdr::pane: pane session terminated pane=6 pid=43214 signal=Kill
2026-07-07T13:10:19.665625Z  INFO herdr::logging: pane child exited event="pane.exit" subsystem="pane" outcome="completed" pane_id=2 status="ExitStatus { code: 1, signal: Some(\"Killed: 9\") }"
2026-07-07T13:10:19.684146Z  INFO herdr::pane: pane session terminated pane=2 pid=42292 signal=Kill
2026-07-07T13:10:19.690724Z  INFO herdr::logging: herdr exiting event="app.shutdown" subsystem="server" outcome="completed" pid=42290
2026-07-07T13:10:25.015506Z  INFO herdr::platform::macos: raised server file descriptor soft limit previous=256 target=8192
2026-07-07T13:10:25.015924Z  INFO herdr::api::server: api server listening path=/Users/bdumesnildot/.config/herdr/herdr.sock
2026-07-07T13:10:25.018253Z  INFO herdr::logging: spawning pane terminal event="pane.spawn.start" subsystem="pane" outcome="started" pane_id=1 rows=24 cols=80 scrollback_limit_bytes=10000000
2026-07-07T13:10:25.021748Z  INFO herdr::logging: pane child spawned event="pane.spawned" subsystem="pane" outcome="ok" pane_id=1 pid=45612
2026-07-07T13:10:25.021909Z  INFO herdr::logging: spawning pane terminal event="pane.spawn.start" subsystem="pane" outcome="started" pane_id=2 rows=24 cols=80 scrollback_limit_bytes=10000000
2026-07-07T13:10:25.023696Z  INFO herdr::logging: pane child spawned event="pane.spawned" subsystem="pane" outcome="ok" pane_id=2 pid=45613
2026-07-07T13:10:25.023844Z  INFO herdr::logging: spawning pane terminal event="pane.spawn.start" subsystem="pane" outcome="started" pane_id=3 rows=24 cols=80 scrollback_limit_bytes=10000000
2026-07-07T13:10:25.026386Z  INFO herdr::logging: pane child spawned event="pane.spawned" subsystem="pane" outcome="ok" pane_id=3 pid=45614
2026-07-07T13:10:25.026731Z  INFO herdr::logging: spawning pane terminal event="pane.spawn.start" subsystem="pane" outcome="started" pane_id=4 rows=24 cols=80 scrollback_limit_bytes=10000000
2026-07-07T13:10:25.029122Z  INFO herdr::logging: pane child spawned event="pane.spawned" subsystem="pane" outcome="ok" pane_id=4 pid=45617
2026-07-07T13:10:25.029284Z  INFO herdr::logging: spawning pane terminal event="pane.spawn.start" subsystem="pane" outcome="started" pane_id=5 rows=24 cols=80 scrollback_limit_bytes=10000000
2026-07-07T13:10:25.031254Z  INFO herdr::logging: pane child spawned event="pane.spawned" subsystem="pane" outcome="ok" pane_id=5 pid=45619
2026-07-07T13:10:25.031814Z  INFO herdr::logging: spawning pane terminal event="pane.spawn.start" subsystem="pane" outcome="started" pane_id=6 rows=24 cols=80 scrollback_limit_bytes=10000000
2026-07-07T13:10:25.036405Z  INFO herdr::logging: pane child spawned event="pane.spawned" subsystem="pane" outcome="ok" pane_id=6 pid=45624
2026-07-07T13:10:25.036729Z  INFO herdr::logging: spawning pane terminal event="pane.spawn.start" subsystem="pane" outcome="started" pane_id=7 rows=24 cols=80 scrollback_limit_bytes=10000000
2026-07-07T13:10:25.041151Z  INFO herdr::logging: pane child spawned event="pane.spawned" subsystem="pane" outcome="ok" pane_id=7 pid=45627
2026-07-07T13:10:25.041686Z  INFO herdr::logging: spawning pane terminal event="pane.spawn.start" subsystem="pane" outcome="started" pane_id=8 rows=24 cols=80 scrollback_limit_bytes=10000000
2026-07-07T13:10:25.045762Z  INFO herdr::logging: pane child spawned event="pane.spawned" subsystem="pane" outcome="ok" pane_id=8 pid=45631
2026-07-07T13:10:25.046457Z  INFO herdr::logging: spawning pane terminal event="pane.spawn.start" subsystem="pane" outcome="started" pane_id=11 rows=24 cols=80 scrollback_limit_bytes=10000000
2026-07-07T13:10:25.054969Z  INFO herdr::logging: pane child spawned event="pane.spawned" subsystem="pane" outcome="ok" pane_id=11 pid=45641
2026-07-07T13:10:25.055221Z  INFO herdr::logging: session restore evaluated event="persist.restore" subsystem="persist" outcome="ok" workspaces=6
2026-07-07T13:10:25.055254Z  INFO herdr::app: using pane scrollback configuration pane_scrollback_limit_bytes=10000000
2026-07-07T13:10:25.089554Z  INFO herdr::server::headless: restored session already has workspaces; ignoring startup cwd cwd=/Users/bdumesnildot
2026-07-07T13:10:25.089499Z  INFO herdr::logging: checking for updates event="update.check.start" subsystem="update" outcome="started"
2026-07-07T13:10:25.089715Z  INFO herdr::server::headless: client protocol socket listening path=/Users/bdumesnildot/.config/herdr/herdr-client.sock
2026-07-07T13:10:25.089738Z  INFO herdr::server::headless: herdr server started api_socket=/Users/bdumesnildot/.config/herdr/herdr.sock client_socket=/Users/bdumesnildot/.config/herdr/herdr-client.sock
2026-07-07T13:10:25.089760Z  INFO herdr::logging: herdr starting event="app.startup" subsystem="server" outcome="started" pid=45611
2026-07-07T13:10:25.358477Z  INFO herdr::server::headless: client connected client_id=2 cols=236 rows=59 cell_width_px=0 cell_height_px=0 render_encoding=SemanticFrame
2026-07-07T13:10:25.376082Z  INFO herdr::logging: spawning pane terminal event="pane.spawn.start" subsystem="pane" outcome="started" pane_id=9 rows=58 cols=209 scrollback_limit_bytes=10000000
2026-07-07T13:10:25.383417Z  INFO herdr::logging: pane child spawned event="pane.spawned" subsystem="pane" outcome="ok" pane_id=9 pid=45977
2026-07-07T13:10:25.383622Z  INFO herdr::logging: spawning pane terminal event="pane.spawn.start" subsystem="pane" outcome="started" pane_id=10 rows=58 cols=209 scrollback_limit_bytes=10000000
2026-07-07T13:10:25.391458Z  INFO herdr::logging: pane child spawned event="pane.spawned" subsystem="pane" outcome="ok" pane_id=10 pid=45978
2026-07-07T13:10:26.942980Z  INFO herdr::pane: agent changed pane=9 previous_agent=None agent=Some(OpenCode) process=opencode pgid=Some(46766)
2026-07-07T13:10:26.954455Z  INFO herdr::pane: agent changed pane=10 previous_agent=None agent=Some(OpenCode) process=opencode pgid=Some(46700)
2026-07-07T13:10:30.409614Z  INFO herdr::logging: session saved event="persist.save" subsystem="persist" outcome="ok" path=/Users/bdumesnildot/.config/herdr/session.json workspaces=6
2026-07-07T13:10:38.667740Z  INFO herdr::logging: workspace focused event="workspace.focus" subsystem="workspace" outcome="ok" workspace_id="w6"
2026-07-07T13:10:38.667860Z  INFO herdr::logging: tab focused event="tab.focus" subsystem="tab" outcome="ok" workspace_id="w6" tab_id="w6:t1"
2026-07-07T13:10:43.686197Z  INFO herdr::logging: session saved event="persist.save" subsystem="persist" outcome="ok" path=/Users/bdumesnildot/.config/herdr/session.json workspaces=6
2026-07-07T13:10:50.793737Z  INFO herdr::logging: workspace focused event="workspace.focus" subsystem="workspace" outcome="ok" workspace_id="w7"
2026-07-07T13:10:50.793901Z  INFO herdr::logging: tab focused event="tab.focus" subsystem="tab" outcome="ok" workspace_id="w7" tab_id="w7:t1"
2026-07-07T13:10:55.810110Z  INFO herdr::logging: session saved event="persist.save" subsystem="persist" outcome="ok" path=/Users/bdumesnildot/.config/herdr/session.json workspaces=6
2026-07-07T13:10:58.533884Z  INFO herdr::logging: workspace focused event="workspace.focus" subsystem="workspace" outcome="ok" workspace_id="w2"
2026-07-07T13:10:58.534097Z  INFO herdr::logging: tab focused event="tab.focus" subsystem="tab" outcome="ok" workspace_id="w2" tab_id="w2:t1"
2026-07-07T13:11:03.554901Z  INFO herdr::logging: session saved event="persist.save" subsystem="persist" outcome="ok" path=/Users/bdumesnildot/.config/herdr/session.json workspaces=6
2026-07-07T13:11:09.422281Z  INFO herdr::logging: workspace focused event="workspace.focus" subsystem="workspace" outcome="ok" workspace_id="w9"
2026-07-07T13:11:09.422380Z  INFO herdr::logging: tab focused event="tab.focus" subsystem="tab" outcome="ok" workspace_id="w9" tab_id="w9:t1"
2026-07-07T13:11:12.496029Z  INFO herdr::pane: agent changed pane=9 previous_agent=Some(OpenCode) agent=None pgid=Some(45977)
2026-07-07T13:11:17.206117Z  INFO herdr::logging: session saved event="persist.save" subsystem="persist" outcome="ok" path=/Users/bdumesnildot/.config/herdr/session.json workspaces=6
2026-07-07T13:11:20.828380Z  INFO herdr::logging: workspace focused event="workspace.focus" subsystem="workspace" outcome="ok" workspace_id="w9"
2026-07-07T13:11:20.828564Z  INFO herdr::logging: tab focused event="tab.focus" subsystem="tab" outcome="ok" workspace_id="w9" tab_id="w9:t1"
2026-07-07T13:11:21.465748Z  INFO herdr::logging: workspace focused event="workspace.focus" subsystem="workspace" outcome="ok" workspace_id="w9"
2026-07-07T13:11:21.465900Z  INFO herdr::logging: tab focused event="tab.focus" subsystem="tab" outcome="ok" workspace_id="w9" tab_id="w9:t1"
2026-07-07T13:11:22.058167Z  INFO herdr::logging: workspace focused event="workspace.focus" subsystem="workspace" outcome="ok" workspace_id="w9"
2026-07-07T13:11:22.058386Z  INFO herdr::logging: tab focused event="tab.focus" subsystem="tab" outcome="ok" workspace_id="w9" tab_id="w9:t1"
2026-07-07T13:11:26.522288Z  INFO herdr::logging: workspace focused event="workspace.focus" subsystem="workspace" outcome="ok" workspace_id="wA"
2026-07-07T13:11:26.522515Z  INFO herdr::logging: tab focused event="tab.focus" subsystem="tab" outcome="ok" workspace_id="wA" tab_id="wA:t2"
2026-07-07T13:11:30.900576Z  INFO herdr::logging: workspace focused event="workspace.focus" subsystem="workspace" outcome="ok" workspace_id="w1"
2026-07-07T13:11:30.900630Z  INFO herdr::logging: tab focused event="tab.focus" subsystem="tab" outcome="ok" workspace_id="w1" tab_id="w1:t3"
2026-07-07T13:11:35.907105Z  INFO herdr::logging: session saved event="persist.save" subsystem="persist" outcome="ok" path=/Users/bdumesnildot/.config/herdr/session.json workspaces=6
2026-07-07T13:20:15.309236Z  INFO herdr::app::actions: copied selection to clipboard
2026-07-07T13:20:16.881516Z  INFO herdr::logging: tab focused event="tab.focus" subsystem="tab" outcome="ok" workspace_id="w1" tab_id="w1:t4"
2026-07-07T13:20:17.726430Z  INFO herdr::logging: tab focused event="tab.focus" subsystem="tab" outcome="ok" workspace_id="w1" tab_id="w1:t3"
2026-07-07T13:20:20.072006Z  INFO herdr::logging: tab focused event="tab.focus" subsystem="tab" outcome="ok" workspace_id="w1" tab_id="w1:t4"
2026-07-07T13:20:24.187729Z  INFO herdr::pane: agent changed pane=3 previous_agent=None agent=Some(OpenCode) process=opencode pgid=Some(50117)
2026-07-07T13:20:25.095135Z  INFO herdr::logging: session saved event="persist.save" subsystem="persist" outcome="ok" path=/Users/bdumesnildot/.config/herdr/session.json workspaces=6
2026-07-07T13:20:47.470841Z  INFO herdr::pane: agent changed pane=3 previous_agent=None agent=Some(OpenCode) process=opencode pgid=Some(50117)
2026-07-07T13:20:50.193462Z  INFO herdr::pane: agent changed pane=3 previous_agent=Some(OpenCode) agent=None pgid=Some(45614)
2026-07-07T13:20:51.708508Z  INFO herdr::pane: agent changed pane=3 previous_agent=None agent=Some(OpenCode) process=opencode pgid=Some(50880)
2026-07-07T13:20:54.905631Z  INFO herdr::logging: session saved event="persist.save" subsystem="persist" outcome="ok" path=/Users/bdumesnildot/.config/herdr/session.json workspaces=6
2026-07-07T13:21:07.498555Z  INFO herdr::logging: session saved event="persist.save" subsystem="persist" outcome="ok" path=/Users/bdumesnildot/.config/herdr/session.json workspaces=6
2026-07-07T13:22:10.588930Z  INFO herdr::server::headless: client resize client_id=2 cols=185 rows=53 cell_width_px=0 cell_height_px=0
2026-07-07T13:25:13.840652Z  INFO herdr::logging: tab focused event="tab.focus" subsystem="tab" outcome="ok" workspace_id="w1" tab_id="w1:t3"
2026-07-07T13:25:18.873636Z  INFO herdr::logging: session saved event="persist.save" subsystem="persist" outcome="ok" path=/Users/bdumesnildot/.config/herdr/session.json workspaces=6
2026-07-07T13:25:51.619778Z  INFO herdr::logging: tab focused event="tab.focus" subsystem="tab" outcome="ok" workspace_id="w1" tab_id="w1:t4"
2026-07-07T13:25:56.653352Z  INFO herdr::logging: session saved event="persist.save" subsystem="persist" outcome="ok" path=/Users/bdumesnildot/.config/herdr/session.json workspaces=6
2026-07-07T13:32:40.619733Z  INFO herdr::pane: agent changed pane=3 previous_agent=Some(OpenCode) agent=None pgid=Some(45614)
2026-07-07T13:32:45.331352Z  INFO herdr::logging: session saved event="persist.save" subsystem="persist" outcome="ok" path=/Users/bdumesnildot/.config/herdr/session.json workspaces=6
2026-07-07T13:33:25.237168Z  INFO herdr::logging: tab focused event="tab.focus" subsystem="tab" outcome="ok" workspace_id="w1" tab_id="w1:t3"
2026-07-07T13:33:26.535598Z  INFO herdr::logging: tab focused event="tab.focus" subsystem="tab" outcome="ok" workspace_id="w1" tab_id="w1:t4"
2026-07-07T13:33:31.569643Z  INFO herdr::logging: session saved event="persist.save" subsystem="persist" outcome="ok" path=/Users/bdumesnildot/.config/herdr/session.json workspaces=6
2026-07-07T13:34:32.089823Z  INFO herdr::pane: agent changed pane=3 previous_agent=None agent=Some(OpenCode) process=opencode pgid=Some(54379)
2026-07-07T13:35:18.105306Z  INFO herdr::logging: session saved event="persist.save" subsystem="persist" outcome="ok" path=/Users/bdumesnildot/.config/herdr/session.json workspaces=6
2026-07-07T13:36:36.805589Z  INFO herdr::pane: agent changed pane=3 previous_agent=Some(OpenCode) agent=None pgid=Some(45614)
2026-07-07T13:36:41.522115Z  INFO herdr::logging: session saved event="persist.save" subsystem="persist" outcome="ok" path=/Users/bdumesnildot/.config/herdr/session.json workspaces=6
2026-07-07T13:40:25.095717Z  INFO herdr::logging: checking for updates event="update.check.start" subsystem="update" outcome="started"
2026-07-07T13:40:52.769745Z  INFO herdr::logging: workspace focused event="workspace.focus" subsystem="workspace" outcome="ok" workspace_id="w6"
2026-07-07T13:40:52.770910Z  INFO herdr::logging: tab focused event="tab.focus" subsystem="tab" outcome="ok" workspace_id="w6" tab_id="w6:t1"
2026-07-07T13:40:57.797117Z  INFO herdr::logging: session saved event="persist.save" subsystem="persist" outcome="ok" path=/Users/bdumesnildot/.config/herdr/session.json workspaces=6
2026-07-07T13:40:59.349480Z  INFO herdr::logging: workspace focused event="workspace.focus" subsystem="workspace" outcome="ok" workspace_id="w7"
2026-07-07T13:40:59.349685Z  INFO herdr::logging: tab focused event="tab.focus" subsystem="tab" outcome="ok" workspace_id="w7" tab_id="w7:t1"
2026-07-07T13:41:04.369151Z  INFO herdr::logging: session saved event="persist.save" subsystem="persist" outcome="ok" path=/Users/bdumesnildot/.config/herdr/session.json workspaces=6
2026-07-07T13:41:57.995512Z  INFO herdr::logging: workspace focused event="workspace.focus" subsystem="workspace" outcome="ok" workspace_id="w1"
2026-07-07T13:41:57.997256Z  INFO herdr::logging: tab focused event="tab.focus" subsystem="tab" outcome="ok" workspace_id="w1" tab_id="w1:t4"
2026-07-07T13:42:03.023502Z  INFO herdr::logging: session saved event="persist.save" subsystem="persist" outcome="ok" path=/Users/bdumesnildot/.config/herdr/session.json workspaces=6
2026-07-07T14:10:25.104151Z  INFO herdr::logging: checking for updates event="update.check.start" subsystem="update" outcome="started"
2026-07-07T14:40:25.074601Z  INFO herdr::logging: checking for updates event="update.check.start" subsystem="update" outcome="started"
2026-07-07T14:48:52.180398Z  INFO herdr::logging: tab focused event="tab.focus" subsystem="tab" outcome="ok" workspace_id="w1" tab_id="w1:t3"
2026-07-07T14:48:57.213641Z  INFO herdr::logging: session saved event="persist.save" subsystem="persist" outcome="ok" path=/Users/bdumesnildot/.config/herdr/session.json workspaces=6
2026-07-08T07:00:10.151178Z  INFO herdr::logging: workspace focused event="workspace.focus" subsystem="workspace" outcome="ok" workspace_id="w6"
2026-07-08T07:00:10.151649Z  INFO herdr::logging: tab focused event="tab.focus" subsystem="tab" outcome="ok" workspace_id="w6" tab_id="w6:t1"
2026-07-08T07:00:10.230869Z  INFO herdr::logging: workspace focused event="workspace.focus" subsystem="workspace" outcome="ok" workspace_id="w6"
2026-07-08T07:00:10.231039Z  INFO herdr::logging: tab focused event="tab.focus" subsystem="tab" outcome="ok" workspace_id="w6" tab_id="w6:t1"
2026-07-08T07:00:12.264151Z  INFO herdr::logging: workspace focused event="workspace.focus" subsystem="workspace" outcome="ok" workspace_id="w7"
2026-07-08T07:00:12.264314Z  INFO herdr::logging: tab focused event="tab.focus" subsystem="tab" outcome="ok" workspace_id="w7" tab_id="w7:t1"
2026-07-08T07:00:17.296443Z  INFO herdr::logging: session saved event="persist.save" subsystem="persist" outcome="ok" path=/Users/bdumesnildot/.config/herdr/session.json workspaces=6
2026-07-08T07:03:56.313826Z  INFO herdr::pane: agent changed pane=6 previous_agent=None agent=Some(OpenCode) process=opencode pgid=Some(61216)
2026-07-08T07:04:35.098817Z  INFO herdr::pane: agent changed pane=6 previous_agent=None agent=Some(OpenCode) process=opencode pgid=Some(61216)
2026-07-08T07:04:40.103761Z  INFO herdr::logging: session saved event="persist.save" subsystem="persist" outcome="ok" path=/Users/bdumesnildot/.config/herdr/session.json workspaces=6
2026-07-08T07:05:07.940376Z  INFO herdr::logging: checking for updates event="update.check.start" subsystem="update" outcome="started"
2026-07-08T07:05:08.025516Z  INFO herdr::logging: update available event="update.available" subsystem="update" outcome="ok" version="0.7.3"
2026-07-08T07:05:08.122427Z  INFO herdr::update: auto-update check: v0.7.3 available through Homebrew, waiting for explicit install
2026-07-08T07:06:43.758274Z  INFO herdr::logging: workspace focused event="workspace.focus" subsystem="workspace" outcome="ok" workspace_id="wA"
2026-07-08T07:06:43.760133Z  INFO herdr::logging: tab focused event="tab.focus" subsystem="tab" outcome="ok" workspace_id="wA" tab_id="wA:t2"
2026-07-08T07:06:46.706698Z  INFO herdr::pane: agent changed pane=11 previous_agent=None agent=Some(OpenCode) process=opencode pgid=Some(62168)
2026-07-08T07:06:48.774298Z  INFO herdr::logging: session saved event="persist.save" subsystem="persist" outcome="ok" path=/Users/bdumesnildot/.config/herdr/session.json workspaces=6
2026-07-08T07:07:58.265949Z  INFO herdr::pane: agent changed pane=11 previous_agent=None agent=Some(OpenCode) process=opencode pgid=Some(62168)
2026-07-08T07:08:01.362606Z  INFO herdr::logging: tab focused event="tab.focus" subsystem="tab" outcome="ok" workspace_id="wA" tab_id="wA:t1"
2026-07-08T07:08:06.382983Z  INFO herdr::logging: session saved event="persist.save" subsystem="persist" outcome="ok" path=/Users/bdumesnildot/.config/herdr/session.json workspaces=6
2026-07-08T07:08:09.007499Z  INFO herdr::pane: agent changed pane=10 previous_agent=Some(OpenCode) agent=None pgid=Some(45978)
2026-07-08T07:08:12.420479Z  INFO herdr::logging: tab focused event="tab.focus" subsystem="tab" outcome="ok" workspace_id="wA" tab_id="wA:t2"
2026-07-08T07:08:14.432497Z  INFO herdr::logging: tab focused event="tab.focus" subsystem="tab" outcome="ok" workspace_id="wA" tab_id="wA:t1"
2026-07-08T07:08:15.307499Z  INFO herdr::logging: tab focused event="tab.focus" subsystem="tab" outcome="ok" workspace_id="wA" tab_id="wA:t2"
2026-07-08T07:08:17.312035Z  INFO herdr::logging: workspace focused event="workspace.focus" subsystem="workspace" outcome="ok" workspace_id="w7"
2026-07-08T07:08:17.312072Z  INFO herdr::logging: tab focused event="tab.focus" subsystem="tab" outcome="ok" workspace_id="w7" tab_id="w7:t1"
2026-07-08T07:08:22.332802Z  INFO herdr::logging: session saved event="persist.save" subsystem="persist" outcome="ok" path=/Users/bdumesnildot/.config/herdr/session.json workspaces=6
2026-07-08T07:24:47.752587Z  INFO herdr::pane: agent changed pane=6 previous_agent=Some(OpenCode) agent=None pgid=Some(45624)
2026-07-08T07:24:49.223735Z  INFO herdr::logging: workspace focused event="workspace.focus" subsystem="workspace" outcome="ok" workspace_id="wA"
2026-07-08T07:24:49.223771Z  INFO herdr::logging: tab focused event="tab.focus" subsystem="tab" outcome="ok" workspace_id="wA" tab_id="wA:t2"
2026-07-08T07:24:54.246680Z  INFO herdr::logging: session saved event="persist.save" subsystem="persist" outcome="ok" path=/Users/bdumesnildot/.config/herdr/session.json workspaces=6
2026-07-08T07:25:44.737799Z  INFO herdr::logging: workspace focused event="workspace.focus" subsystem="workspace" outcome="ok" workspace_id="w9"
2026-07-08T07:25:44.738292Z  INFO herdr::logging: tab focused event="tab.focus" subsystem="tab" outcome="ok" workspace_id="w9" tab_id="w9:t1"
2026-07-08T07:25:49.759043Z  INFO herdr::logging: session saved event="persist.save" subsystem="persist" outcome="ok" path=/Users/bdumesnildot/.config/herdr/session.json workspaces=6
2026-07-08T07:25:53.086014Z  INFO herdr::logging: workspace focused event="workspace.focus" subsystem="workspace" outcome="ok" workspace_id="wA"
2026-07-08T07:25:53.087002Z  INFO herdr::logging: tab focused event="tab.focus" subsystem="tab" outcome="ok" workspace_id="wA" tab_id="wA:t2"
2026-07-08T07:25:58.110763Z  INFO herdr::logging: session saved event="persist.save" subsystem="persist" outcome="ok" path=/Users/bdumesnildot/.config/herdr/session.json workspaces=6
2026-07-08T07:26:36.179511Z  INFO herdr::logging: tab focused event="tab.focus" subsystem="tab" outcome="ok" workspace_id="wA" tab_id="wA:t1"
2026-07-08T07:26:41.201635Z  INFO herdr::logging: session saved event="persist.save" subsystem="persist" outcome="ok" path=/Users/bdumesnildot/.config/herdr/session.json workspaces=6
2026-07-08T07:26:50.527954Z  INFO herdr::logging: tab focused event="tab.focus" subsystem="tab" outcome="ok" workspace_id="wA" tab_id="wA:t2"
2026-07-08T07:26:55.550152Z  INFO herdr::logging: session saved event="persist.save" subsystem="persist" outcome="ok" path=/Users/bdumesnildot/.config/herdr/session.json workspaces=6
2026-07-08T07:28:17.176712Z  INFO herdr::pane: agent changed pane=11 previous_agent=Some(OpenCode) agent=None pgid=Some(45641)
2026-07-08T07:28:20.040435Z  INFO herdr::logging: workspace focused event="workspace.focus" subsystem="workspace" outcome="ok" workspace_id="w2"
2026-07-08T07:28:20.040602Z  INFO herdr::logging: tab focused event="tab.focus" subsystem="tab" outcome="ok" workspace_id="w2" tab_id="w2:t1"
2026-07-08T07:28:25.077070Z  INFO herdr::logging: session saved event="persist.save" subsystem="persist" outcome="ok" path=/Users/bdumesnildot/.config/herdr/session.json workspaces=6
2026-07-08T07:46:49.929123Z  INFO herdr::logging: workspace focused event="workspace.focus" subsystem="workspace" outcome="ok" workspace_id="w7"
2026-07-08T07:46:49.930685Z  INFO herdr::logging: tab focused event="tab.focus" subsystem="tab" outcome="ok" workspace_id="w7" tab_id="w7:t1"
2026-07-08T07:46:53.195776Z  INFO herdr::pane: agent changed pane=6 previous_agent=None agent=Some(OpenCode) process=opencode pgid=Some(64907)
2026-07-08T07:46:54.949977Z  INFO herdr::logging: session saved event="persist.save" subsystem="persist" outcome="ok" path=/Users/bdumesnildot/.config/herdr/session.json workspaces=6
2026-07-08T07:47:51.123143Z  INFO herdr::pane: agent changed pane=6 previous_agent=None agent=Some(OpenCode) process=opencode pgid=Some(64907)
2026-07-08T07:47:56.109962Z  INFO herdr::logging: session saved event="persist.save" subsystem="persist" outcome="ok" path=/Users/bdumesnildot/.config/herdr/session.json workspaces=6
2026-07-08T07:58:15.898941Z  INFO herdr::logging: workspace focused event="workspace.focus" subsystem="workspace" outcome="ok" workspace_id="w2"
2026-07-08T07:58:15.900470Z  INFO herdr::logging: tab focused event="tab.focus" subsystem="tab" outcome="ok" workspace_id="w2" tab_id="w2:t1"
2026-07-08T07:58:20.927625Z  INFO herdr::logging: session saved event="persist.save" subsystem="persist" outcome="ok" path=/Users/bdumesnildot/.config/herdr/session.json workspaces=6
2026-07-08T07:58:30.012728Z  INFO herdr::pane: agent changed pane=8 previous_agent=None agent=Some(OpenCode) process=opencode pgid=Some(66074)
2026-07-08T07:58:35.425133Z  INFO herdr::pane: agent changed pane=8 previous_agent=None agent=Some(OpenCode) process=opencode pgid=Some(66074)
2026-07-08T07:58:40.427365Z  INFO herdr::logging: session saved event="persist.save" subsystem="persist" outcome="ok" path=/Users/bdumesnildot/.config/herdr/session.json workspaces=6
2026-07-08T10:15:26.712460Z  INFO herdr::pane: agent changed pane=8 previous_agent=Some(OpenCode) agent=None pgid=Some(45631)
2026-07-08T10:15:31.445697Z  INFO herdr::logging: session saved event="persist.save" subsystem="persist" outcome="ok" path=/Users/bdumesnildot/.config/herdr/session.json workspaces=6
2026-07-09T09:02:22.373996Z  INFO herdr::logging: workspace focused event="workspace.focus" subsystem="workspace" outcome="ok" workspace_id="w7"
2026-07-09T09:02:22.375521Z  INFO herdr::logging: tab focused event="tab.focus" subsystem="tab" outcome="ok" workspace_id="w7" tab_id="w7:t1"
2026-07-09T09:02:27.409761Z  INFO herdr::logging: session saved event="persist.save" subsystem="persist" outcome="ok" path=/Users/bdumesnildot/.config/herdr/session.json workspaces=6
2026-07-09T09:02:31.622356Z  INFO herdr::pane: agent changed pane=6 previous_agent=Some(OpenCode) agent=None pgid=Some(45624)
2026-07-09T09:02:33.534903Z  INFO herdr::logging: workspace focused event="workspace.focus" subsystem="workspace" outcome="ok" workspace_id="w6"
2026-07-09T09:02:33.534947Z  INFO herdr::logging: tab focused event="tab.focus" subsystem="tab" outcome="ok" workspace_id="w6" tab_id="w6:t1"
2026-07-09T09:02:38.558892Z  INFO herdr::logging: session saved event="persist.save" subsystem="persist" outcome="ok" path=/Users/bdumesnildot/.config/herdr/session.json workspaces=6
2026-07-09T09:46:03.378746Z  INFO herdr::app::actions: copied selection to clipboard
2026-07-09T12:35:28.967718Z  INFO herdr::logging: workspace focused event="workspace.focus" subsystem="workspace" outcome="ok" workspace_id="w7"
2026-07-09T12:35:28.969414Z  INFO herdr::logging: tab focused event="tab.focus" subsystem="tab" outcome="ok" workspace_id="w7" tab_id="w7:t1"
2026-07-09T12:35:29.041387Z  INFO herdr::logging: workspace focused event="workspace.focus" subsystem="workspace" outcome="ok" workspace_id="w7"
2026-07-09T12:35:29.041575Z  INFO herdr::logging: tab focused event="tab.focus" subsystem="tab" outcome="ok" workspace_id="w7" tab_id="w7:t1"
2026-07-09T12:35:34.069845Z  INFO herdr::logging: session saved event="persist.save" subsystem="persist" outcome="ok" path=/Users/bdumesnildot/.config/herdr/session.json workspaces=6
2026-07-09T13:15:55.007790Z  INFO herdr::logging: workspace focused event="workspace.focus" subsystem="workspace" outcome="ok" workspace_id="w2"
2026-07-09T13:15:55.009457Z  INFO herdr::logging: tab focused event="tab.focus" subsystem="tab" outcome="ok" workspace_id="w2" tab_id="w2:t1"
2026-07-09T13:16:00.032102Z  INFO herdr::logging: session saved event="persist.save" subsystem="persist" outcome="ok" path=/Users/bdumesnildot/.config/herdr/session.json workspaces=6
2026-07-09T13:16:00.902237Z  INFO herdr::pane: agent changed pane=8 previous_agent=None agent=Some(OpenCode) process=opencode pgid=Some(93219)
2026-07-09T14:19:40.920913Z  INFO herdr::logging: workspace focused event="workspace.focus" subsystem="workspace" outcome="ok" workspace_id="wA"
2026-07-09T14:19:40.922257Z  INFO herdr::logging: tab focused event="tab.focus" subsystem="tab" outcome="ok" workspace_id="wA" tab_id="wA:t2"
2026-07-09T14:19:45.951788Z  INFO herdr::logging: session saved event="persist.save" subsystem="persist" outcome="ok" path=/Users/bdumesnildot/.config/herdr/session.json workspaces=6
2026-07-09T14:42:53.294143Z  INFO herdr::logging: workspace focused event="workspace.focus" subsystem="workspace" outcome="ok" workspace_id="w1"
2026-07-09T14:42:53.296409Z  INFO herdr::logging: tab focused event="tab.focus" subsystem="tab" outcome="ok" workspace_id="w1" tab_id="w1:t3"
2026-07-09T14:42:58.330651Z  INFO herdr::logging: session saved event="persist.save" subsystem="persist" outcome="ok" path=/Users/bdumesnildot/.config/herdr/session.json workspaces=6
2026-07-09T14:43:02.262788Z  INFO herdr::app::actions: copied selection to clipboard
2026-07-09T14:48:10.783077Z  INFO herdr::logging: workspace focused event="workspace.focus" subsystem="workspace" outcome="ok" workspace_id="wA"
2026-07-09T14:48:10.784907Z  INFO herdr::logging: tab focused event="tab.focus" subsystem="tab" outcome="ok" workspace_id="wA" tab_id="wA:t2"
2026-07-09T14:48:15.817741Z  INFO herdr::logging: session saved event="persist.save" subsystem="persist" outcome="ok" path=/Users/bdumesnildot/.config/herdr/session.json workspaces=6
2026-07-09T14:51:41.625315Z  INFO herdr::app::actions: copied selection to clipboard
2026-07-09T14:53:43.582276Z  INFO herdr::app::actions: copied selection to clipboard
2026-07-09T15:04:36.109183Z  INFO herdr::app::actions: copied selection to clipboard
2026-07-09T15:07:48.578629Z  INFO herdr::app::actions: copied selection to clipboard
2026-07-09T15:07:53.723553Z  INFO herdr::logging: session saved event="persist.save" subsystem="persist" outcome="ok" path=/Users/bdumesnildot/.config/herdr/session.json workspaces=6
2026-07-09T15:26:39.703096Z  INFO herdr::server::headless: client resize client_id=2 cols=185 rows=55 cell_width_px=0 cell_height_px=0
2026-07-09T15:32:21.481341Z  INFO herdr::app::actions: copied selection to clipboard
2026-07-09T15:34:05.188549Z  INFO herdr::app::actions: copied selection to clipboard
2026-07-09T15:35:39.059859Z  INFO herdr::app::actions: copied selection to clipboard
2026-07-10T08:04:28.042171Z  INFO herdr::app::actions: copied selection to clipboard
2026-07-10T08:05:50.980647Z  INFO herdr::app::actions: copied selection to clipboard
2026-07-10T08:06:32.795448Z  INFO herdr::app::actions: copied selection to clipboard
2026-07-10T08:13:18.885037Z  INFO herdr::app::actions: copied selection to clipboard
2026-07-10T08:14:45.234490Z  INFO herdr::app::actions: copied selection to clipboard
2026-07-10T08:18:47.915045Z  INFO herdr::app::actions: copied selection to clipboard
2026-07-10T08:25:19.551964Z  INFO herdr::app::actions: copied selection to clipboard
2026-07-10T08:26:18.533286Z  INFO herdr::app::actions: copied selection to clipboard
2026-07-10T08:57:50.115129Z  INFO herdr::app::actions: copied selection to clipboard
2026-07-10T09:09:47.428914Z  INFO herdr::app::actions: copied selection to clipboard
2026-07-10T09:18:58.513324Z  INFO herdr::app::actions: copied selection to clipboard
2026-07-10T09:25:06.346544Z  INFO herdr::app::actions: copied selection to clipboard
2026-07-10T09:35:50.568183Z  INFO herdr::logging: workspace focused event="workspace.focus" subsystem="workspace" outcome="ok" workspace_id="w1"
2026-07-10T09:35:50.569361Z  INFO herdr::logging: tab focused event="tab.focus" subsystem="tab" outcome="ok" workspace_id="w1" tab_id="w1:t3"
2026-07-10T09:35:50.632910Z  INFO herdr::logging: workspace focused event="workspace.focus" subsystem="workspace" outcome="ok" workspace_id="w1"
2026-07-10T09:35:50.632979Z  INFO herdr::logging: tab focused event="tab.focus" subsystem="tab" outcome="ok" workspace_id="w1" tab_id="w1:t3"
2026-07-10T09:35:52.404257Z  INFO herdr::logging: workspace focused event="workspace.focus" subsystem="workspace" outcome="ok" workspace_id="wA"
2026-07-10T09:35:52.404363Z  INFO herdr::logging: tab focused event="tab.focus" subsystem="tab" outcome="ok" workspace_id="wA" tab_id="wA:t2"
2026-07-10T09:35:56.950476Z  INFO herdr::logging: spawning pane terminal event="pane.spawn.start" subsystem="pane" outcome="started" pane_id=12 rows=54 cols=159 scrollback_limit_bytes=10000000
2026-07-10T09:35:56.962453Z  INFO herdr::logging: pane child spawned event="pane.spawned" subsystem="pane" outcome="ok" pane_id=12 pid=7160
2026-07-10T09:35:56.963115Z  INFO herdr::logging: tab focused event="tab.focus" subsystem="tab" outcome="ok" workspace_id="wA" tab_id="wA:t3"
2026-07-10T09:35:56.963385Z  INFO herdr::logging: tab created event="tab.create" subsystem="tab" outcome="ok" workspace_id="wA" tab_id="wA:t3" pane_id=12
2026-07-10T09:36:01.997809Z  INFO herdr::logging: session saved event="persist.save" subsystem="persist" outcome="ok" path=/Users/bdumesnildot/.config/herdr/session.json workspaces=6
2026-07-10T09:39:32.303724Z  INFO herdr::logging: tab focused event="tab.focus" subsystem="tab" outcome="ok" workspace_id="wA" tab_id="wA:t2"
2026-07-10T09:39:34.464254Z  INFO herdr::logging: tab focused event="tab.focus" subsystem="tab" outcome="ok" workspace_id="wA" tab_id="wA:t1"
2026-07-10T09:39:39.506829Z  INFO herdr::logging: session saved event="persist.save" subsystem="persist" outcome="ok" path=/Users/bdumesnildot/.config/herdr/session.json workspaces=6
2026-07-10T09:40:55.738053Z  INFO herdr::logging: tab focused event="tab.focus" subsystem="tab" outcome="ok" workspace_id="wA" tab_id="wA:t2"
2026-07-10T09:41:00.780576Z  INFO herdr::logging: session saved event="persist.save" subsystem="persist" outcome="ok" path=/Users/bdumesnildot/.config/herdr/session.json workspaces=6
2026-07-10T09:41:13.538298Z  INFO herdr::logging: tab focused event="tab.focus" subsystem="tab" outcome="ok" workspace_id="wA" tab_id="wA:t1"
2026-07-10T09:41:18.568748Z  INFO herdr::logging: session saved event="persist.save" subsystem="persist" outcome="ok" path=/Users/bdumesnildot/.config/herdr/session.json workspaces=6
2026-07-10T09:43:48.769377Z  INFO herdr::logging: tab focused event="tab.focus" subsystem="tab" outcome="ok" workspace_id="wA" tab_id="wA:t2"
2026-07-10T09:43:53.817365Z  INFO herdr::logging: session saved event="persist.save" subsystem="persist" outcome="ok" path=/Users/bdumesnildot/.config/herdr/session.json workspaces=6
2026-07-10T09:47:51.952304Z  INFO herdr::app::actions: copied selection to clipboard
2026-07-10T09:51:58.069805Z  INFO herdr::app::actions: copied selection to clipboard
2026-07-10T09:57:28.853192Z  INFO herdr::app::actions: copied selection to clipboard
2026-07-10T09:58:59.900577Z  INFO herdr::app::actions: copied selection to clipboard
2026-07-10T10:04:27.407170Z  INFO herdr::app::actions: copied selection to clipboard
2026-07-10T10:19:59.460714Z  INFO herdr::app::actions: copied selection to clipboard
2026-07-10T12:26:08.169116Z  INFO herdr::app::actions: copied selection to clipboard
2026-07-10T12:27:12.812817Z  INFO herdr::logging: tab focused event="tab.focus" subsystem="tab" outcome="ok" workspace_id="wA" tab_id="wA:t3"
2026-07-10T12:27:16.830128Z  INFO herdr::logging: tab focused event="tab.focus" subsystem="tab" outcome="ok" workspace_id="wA" tab_id="wA:t1"
2026-07-10T12:27:21.869947Z  INFO herdr::logging: session saved event="persist.save" subsystem="persist" outcome="ok" path=/Users/bdumesnildot/.config/herdr/session.json workspaces=6
2026-07-10T13:18:59.275798Z  INFO herdr::logging: tab focused event="tab.focus" subsystem="tab" outcome="ok" workspace_id="wA" tab_id="wA:t2"
2026-07-10T13:19:02.596955Z  INFO herdr::logging: tab focused event="tab.focus" subsystem="tab" outcome="ok" workspace_id="wA" tab_id="wA:t3"
2026-07-10T13:19:07.653903Z  INFO herdr::logging: session saved event="persist.save" subsystem="persist" outcome="ok" path=/Users/bdumesnildot/.config/herdr/session.json workspaces=6
2026-07-10T13:19:21.812107Z  INFO herdr::logging: tab focused event="tab.focus" subsystem="tab" outcome="ok" workspace_id="wA" tab_id="wA:t1"
2026-07-10T13:19:26.849174Z  INFO herdr::logging: session saved event="persist.save" subsystem="persist" outcome="ok" path=/Users/bdumesnildot/.config/herdr/session.json workspaces=6
2026-07-10T13:19:28.765470Z  INFO herdr::logging: workspace focused event="workspace.focus" subsystem="workspace" outcome="ok" workspace_id="w1"
2026-07-10T13:19:28.765571Z  INFO herdr::logging: tab focused event="tab.focus" subsystem="tab" outcome="ok" workspace_id="w1" tab_id="w1:t3"
2026-07-10T13:19:33.832137Z  INFO herdr::logging: session saved event="persist.save" subsystem="persist" outcome="ok" path=/Users/bdumesnildot/.config/herdr/session.json workspaces=6
2026-07-10T15:15:11.613617Z  INFO herdr::server::headless: client resize client_id=2 cols=236 rows=60 cell_width_px=0 cell_height_px=0
2026-07-10T15:15:11.897719Z  INFO herdr::server::headless: client resize client_id=2 cols=236 rows=62 cell_width_px=0 cell_height_px=0
2026-07-12T05:08:20.273188Z  WARN herdr::detect::manifest_update: skipping unknown remote manifest agent agent="maki"
2026-07-12T10:32:26.620573Z  INFO herdr::server::headless: client resize client_id=2 cols=185 rows=57 cell_width_px=0 cell_height_px=0
2026-07-12T10:32:27.200997Z  INFO herdr::server::headless: client resize client_id=2 cols=185 rows=55 cell_width_px=0 cell_height_px=0
2026-07-12T13:04:12.256979Z  WARN herdr::detect::manifest_update: skipping unknown remote manifest agent agent="maki"
2026-07-12T13:34:12.332560Z  WARN herdr::detect::manifest_update: skipping unknown remote manifest agent agent="maki"
2026-07-12T14:04:12.297634Z  WARN herdr::detect::manifest_update: skipping unknown remote manifest agent agent="maki"
2026-07-12T20:41:59.030001Z  WARN herdr::detect::manifest_update: skipping unknown remote manifest agent agent="maki"
2026-07-13T07:14:20.048625Z  WARN herdr::detect::manifest_update: skipping unknown remote manifest agent agent="maki"
2026-07-13T07:47:01.681977Z  WARN herdr::detect::manifest_update: skipping unknown remote manifest agent agent="maki"
2026-07-13T08:17:01.674232Z  WARN herdr::detect::manifest_update: skipping unknown remote manifest agent agent="maki"
2026-07-13T08:47:01.755757Z  WARN herdr::detect::manifest_update: skipping unknown remote manifest agent agent="maki"
2026-07-13T09:17:01.735099Z  WARN herdr::detect::manifest_update: skipping unknown remote manifest agent agent="maki"
2026-07-13T09:47:01.783174Z  WARN herdr::detect::manifest_update: skipping unknown remote manifest agent agent="maki"
2026-07-13T10:12:42.406898Z  INFO herdr::logging: workspace focused event="workspace.focus" subsystem="workspace" outcome="ok" workspace_id="wA"
2026-07-13T10:12:42.408977Z  INFO herdr::logging: tab focused event="tab.focus" subsystem="tab" outcome="ok" workspace_id="wA" tab_id="wA:t1"
2026-07-13T10:12:47.342639Z  INFO herdr::logging: tab focused event="tab.focus" subsystem="tab" outcome="ok" workspace_id="wA" tab_id="wA:t2"
2026-07-13T10:12:51.933330Z  INFO herdr::logging: tab focused event="tab.focus" subsystem="tab" outcome="ok" workspace_id="wA" tab_id="wA:t3"
2026-07-13T10:12:56.991206Z  INFO herdr::logging: session saved event="persist.save" subsystem="persist" outcome="ok" path=/Users/bdumesnildot/.config/herdr/session.json workspaces=6
2026-07-13T10:16:00.879172Z  INFO herdr::pane: agent changed pane=12 previous_agent=None agent=Some(OpenCode) process=opencode pgid=Some(37638)
2026-07-13T10:16:15.183087Z  INFO herdr::pane: agent changed pane=12 previous_agent=Some(OpenCode) agent=None pgid=Some(7160)
2026-07-13T10:17:01.672933Z  WARN herdr::detect::manifest_update: skipping unknown remote manifest agent agent="maki"
2026-07-13T10:18:29.393845Z  INFO herdr::pane: agent changed pane=12 previous_agent=None agent=Some(OpenCode) process=opencode pgid=Some(39411)
2026-07-13T10:20:14.606092Z  INFO herdr::pane: agent changed pane=12 previous_agent=None agent=Some(OpenCode) process=opencode pgid=Some(39411)
2026-07-13T10:20:19.623057Z  INFO herdr::logging: session saved event="persist.save" subsystem="persist" outcome="ok" path=/Users/bdumesnildot/.config/herdr/session.json workspaces=6
2026-07-13T11:26:59.735409Z  INFO herdr::logging: tab focused event="tab.focus" subsystem="tab" outcome="ok" workspace_id="wA" tab_id="wA:t2"
2026-07-13T11:27:04.784747Z  INFO herdr::logging: session saved event="persist.save" subsystem="persist" outcome="ok" path=/Users/bdumesnildot/.config/herdr/session.json workspaces=6
2026-07-13T11:27:38.600859Z  INFO herdr::app::actions: copied selection to clipboard
2026-07-13T11:28:15.233615Z  INFO herdr::logging: tab focused event="tab.focus" subsystem="tab" outcome="ok" workspace_id="wA" tab_id="wA:t1"
2026-07-13T11:28:20.301721Z  INFO herdr::logging: session saved event="persist.save" subsystem="persist" outcome="ok" path=/Users/bdumesnildot/.config/herdr/session.json workspaces=6
2026-07-13T11:28:46.735246Z  WARN herdr::detect::manifest_update: skipping unknown remote manifest agent agent="maki"
2026-07-13T11:30:33.722545Z  INFO herdr::app::actions: copied selection to clipboard
2026-07-13T11:30:38.815350Z  INFO herdr::logging: tab focused event="tab.focus" subsystem="tab" outcome="ok" workspace_id="wA" tab_id="wA:t3"
2026-07-13T11:30:43.875437Z  INFO herdr::logging: session saved event="persist.save" subsystem="persist" outcome="ok" path=/Users/bdumesnildot/.config/herdr/session.json workspaces=6
2026-07-13T11:31:36.136842Z  INFO herdr::logging: tab focused event="tab.focus" subsystem="tab" outcome="ok" workspace_id="wA" tab_id="wA:t1"
2026-07-13T11:31:41.200607Z  INFO herdr::logging: session saved event="persist.save" subsystem="persist" outcome="ok" path=/Users/bdumesnildot/.config/herdr/session.json workspaces=6
2026-07-13T11:33:02.683562Z  INFO herdr::logging: tab focused event="tab.focus" subsystem="tab" outcome="ok" workspace_id="wA" tab_id="wA:t3"
2026-07-13T11:33:07.739201Z  INFO herdr::logging: session saved event="persist.save" subsystem="persist" outcome="ok" path=/Users/bdumesnildot/.config/herdr/session.json workspaces=6
2026-07-13T11:33:24.405799Z  INFO herdr::logging: tab focused event="tab.focus" subsystem="tab" outcome="ok" workspace_id="wA" tab_id="wA:t1"
2026-07-13T11:33:29.461741Z  INFO herdr::logging: session saved event="persist.save" subsystem="persist" outcome="ok" path=/Users/bdumesnildot/.config/herdr/session.json workspaces=6
2026-07-13T11:34:10.658894Z  INFO herdr::logging: tab focused event="tab.focus" subsystem="tab" outcome="ok" workspace_id="wA" tab_id="wA:t3"
2026-07-13T11:34:15.723700Z  INFO herdr::logging: session saved event="persist.save" subsystem="persist" outcome="ok" path=/Users/bdumesnildot/.config/herdr/session.json workspaces=6
2026-07-13T12:01:59.574068Z  INFO herdr::logging: tab focused event="tab.focus" subsystem="tab" outcome="ok" workspace_id="wA" tab_id="wA:t1"
2026-07-13T12:02:04.642126Z  INFO herdr::logging: session saved event="persist.save" subsystem="persist" outcome="ok" path=/Users/bdumesnildot/.config/herdr/session.json workspaces=6
2026-07-13T12:02:16.242264Z  INFO herdr::logging: tab focused event="tab.focus" subsystem="tab" outcome="ok" workspace_id="wA" tab_id="wA:t2"
2026-07-13T12:02:21.308658Z  INFO herdr::logging: session saved event="persist.save" subsystem="persist" outcome="ok" path=/Users/bdumesnildot/.config/herdr/session.json workspaces=6
2026-07-13T12:02:31.426175Z  WARN herdr::detect::manifest_update: skipping unknown remote manifest agent agent="maki"
2026-07-13T12:03:29.946317Z  INFO herdr::logging: tab focused event="tab.focus" subsystem="tab" outcome="ok" workspace_id="wA" tab_id="wA:t1"
2026-07-13T12:03:35.014061Z  INFO herdr::logging: session saved event="persist.save" subsystem="persist" outcome="ok" path=/Users/bdumesnildot/.config/herdr/session.json workspaces=6
2026-07-13T12:07:56.967841Z  INFO herdr::logging: tab focused event="tab.focus" subsystem="tab" outcome="ok" workspace_id="wA" tab_id="wA:t3"
2026-07-13T12:08:02.049773Z  INFO herdr::logging: session saved event="persist.save" subsystem="persist" outcome="ok" path=/Users/bdumesnildot/.config/herdr/session.json workspaces=6
2026-07-13T12:29:19.940439Z  INFO herdr::logging: tab focused event="tab.focus" subsystem="tab" outcome="ok" workspace_id="wA" tab_id="wA:t1"
2026-07-13T12:29:23.600098Z  INFO herdr::logging: tab focused event="tab.focus" subsystem="tab" outcome="ok" workspace_id="wA" tab_id="wA:t2"
2026-07-13T12:29:28.670704Z  INFO herdr::logging: session saved event="persist.save" subsystem="persist" outcome="ok" path=/Users/bdumesnildot/.config/herdr/session.json workspaces=6
2026-07-13T12:32:31.388493Z  WARN herdr::detect::manifest_update: skipping unknown remote manifest agent agent="maki"
2026-07-13T12:34:17.097615Z  INFO herdr::server::headless: client resize client_id=2 cols=185 rows=53 cell_width_px=0 cell_height_px=0
2026-07-13T12:50:39.276804Z  INFO herdr::logging: workspace focused event="workspace.focus" subsystem="workspace" outcome="ok" workspace_id="w2"
2026-07-13T12:50:39.277585Z  INFO herdr::logging: tab focused event="tab.focus" subsystem="tab" outcome="ok" workspace_id="w2" tab_id="w2:t1"
2026-07-13T12:50:42.048602Z  INFO herdr::pane: agent changed pane=8 previous_agent=Some(OpenCode) agent=None pgid=Some(45631)
2026-07-13T12:50:44.332094Z  INFO herdr::logging: session saved event="persist.save" subsystem="persist" outcome="ok" path=/Users/bdumesnildot/.config/herdr/session.json workspaces=6
2026-07-13T12:50:58.688803Z  INFO herdr::pane: agent changed pane=8 previous_agent=None agent=Some(OpenCode) process=opencode pgid=Some(47898)
2026-07-13T12:51:07.065926Z  INFO herdr::pane: agent changed pane=8 previous_agent=None agent=Some(OpenCode) process=opencode pgid=Some(47898)
2026-07-13T12:51:12.088648Z  INFO herdr::logging: session saved event="persist.save" subsystem="persist" outcome="ok" path=/Users/bdumesnildot/.config/herdr/session.json workspaces=6
2026-07-13T13:02:31.537077Z  WARN herdr::detect::manifest_update: skipping unknown remote manifest agent agent="maki"
2026-07-13T13:18:44.719762Z  INFO herdr::logging: workspace focused event="workspace.focus" subsystem="workspace" outcome="ok" workspace_id="wA"
2026-07-13T13:18:44.720167Z  INFO herdr::logging: tab focused event="tab.focus" subsystem="tab" outcome="ok" workspace_id="wA" tab_id="wA:t2"
2026-07-13T13:18:46.492636Z  INFO herdr::logging: tab focused event="tab.focus" subsystem="tab" outcome="ok" workspace_id="wA" tab_id="wA:t1"
2026-07-13T13:18:51.542239Z  INFO herdr::logging: session saved event="persist.save" subsystem="persist" outcome="ok" path=/Users/bdumesnildot/.config/herdr/session.json workspaces=6
2026-07-13T13:19:22.049947Z  INFO herdr::logging: tab focused event="tab.focus" subsystem="tab" outcome="ok" workspace_id="wA" tab_id="wA:t2"
2026-07-13T13:19:27.090332Z  INFO herdr::logging: session saved event="persist.save" subsystem="persist" outcome="ok" path=/Users/bdumesnildot/.config/herdr/session.json workspaces=6
2026-07-13T13:20:08.275742Z  INFO herdr::app::actions: copied selection to clipboard
2026-07-13T13:21:09.828165Z  INFO herdr::logging: tab focused event="tab.focus" subsystem="tab" outcome="ok" workspace_id="wA" tab_id="wA:t1"
2026-07-13T13:21:14.897241Z  INFO herdr::logging: session saved event="persist.save" subsystem="persist" outcome="ok" path=/Users/bdumesnildot/.config/herdr/session.json workspaces=6
2026-07-13T13:21:16.457902Z  INFO herdr::logging: tab focused event="tab.focus" subsystem="tab" outcome="ok" workspace_id="wA" tab_id="wA:t3"
2026-07-13T13:21:20.687550Z  INFO herdr::pane: agent changed pane=12 previous_agent=Some(OpenCode) agent=None pgid=Some(7160)
2026-07-13T13:21:22.080938Z  INFO herdr::logging: tab focused event="tab.focus" subsystem="tab" outcome="ok" workspace_id="wA" tab_id="wA:t1"
2026-07-13T13:21:24.425443Z  INFO herdr::logging: tab focused event="tab.focus" subsystem="tab" outcome="ok" workspace_id="wA" tab_id="wA:t2"
2026-07-13T13:21:29.476735Z  INFO herdr::logging: session saved event="persist.save" subsystem="persist" outcome="ok" path=/Users/bdumesnildot/.config/herdr/session.json workspaces=6
2026-07-13T13:32:31.426740Z  WARN herdr::detect::manifest_update: skipping unknown remote manifest agent agent="maki"
2026-07-13T13:58:06.886759Z  INFO herdr::logging: tab focused event="tab.focus" subsystem="tab" outcome="ok" workspace_id="wA" tab_id="wA:t1"
2026-07-13T13:58:11.969963Z  INFO herdr::logging: session saved event="persist.save" subsystem="persist" outcome="ok" path=/Users/bdumesnildot/.config/herdr/session.json workspaces=6
2026-07-13T13:58:14.447925Z  INFO herdr::logging: tab focused event="tab.focus" subsystem="tab" outcome="ok" workspace_id="wA" tab_id="wA:t2"
2026-07-13T13:58:19.516016Z  INFO herdr::logging: session saved event="persist.save" subsystem="persist" outcome="ok" path=/Users/bdumesnildot/.config/herdr/session.json workspaces=6
2026-07-13T13:59:15.173495Z  INFO herdr::logging: workspace focused event="workspace.focus" subsystem="workspace" outcome="ok" workspace_id="w1"
2026-07-13T13:59:15.173883Z  INFO herdr::logging: tab focused event="tab.focus" subsystem="tab" outcome="ok" workspace_id="w1" tab_id="w1:t3"
2026-07-13T13:59:18.313406Z  INFO herdr::pane: agent changed pane=2 previous_agent=None agent=Some(OpenCode) process=opencode pgid=Some(51832)
2026-07-13T13:59:20.244582Z  INFO herdr::logging: session saved event="persist.save" subsystem="persist" outcome="ok" path=/Users/bdumesnildot/.config/herdr/session.json workspaces=6
2026-07-13T14:00:06.082734Z  INFO herdr::pane: agent changed pane=2 previous_agent=None agent=Some(OpenCode) process=opencode pgid=Some(51832)
2026-07-13T14:00:11.114414Z  INFO herdr::logging: session saved event="persist.save" subsystem="persist" outcome="ok" path=/Users/bdumesnildot/.config/herdr/session.json workspaces=6
2026-07-13T14:01:58.591527Z  INFO herdr::logging: tab focused event="tab.focus" subsystem="tab" outcome="ok" workspace_id="w1" tab_id="w1:t2"
2026-07-13T14:02:03.625557Z  INFO herdr::logging: session saved event="persist.save" subsystem="persist" outcome="ok" path=/Users/bdumesnildot/.config/herdr/session.json workspaces=6
2026-07-13T14:02:15.142176Z  INFO herdr::logging: tab focused event="tab.focus" subsystem="tab" outcome="ok" workspace_id="w1" tab_id="w1:t3"
2026-07-13T14:02:16.978765Z  INFO herdr::logging: tab focused event="tab.focus" subsystem="tab" outcome="ok" workspace_id="w1" tab_id="w1:t2"
2026-07-13T14:02:22.015852Z  INFO herdr::logging: session saved event="persist.save" subsystem="persist" outcome="ok" path=/Users/bdumesnildot/.config/herdr/session.json workspaces=6
2026-07-13T14:02:31.491504Z  WARN herdr::detect::manifest_update: skipping unknown remote manifest agent agent="maki"
2026-07-13T14:02:37.788089Z  INFO herdr::logging: tab focused event="tab.focus" subsystem="tab" outcome="ok" workspace_id="w1" tab_id="w1:t3"
2026-07-13T14:02:39.609988Z  INFO herdr::logging: workspace focused event="workspace.focus" subsystem="workspace" outcome="ok" workspace_id="w7"
2026-07-13T14:02:39.610038Z  INFO herdr::logging: tab focused event="tab.focus" subsystem="tab" outcome="ok" workspace_id="w7" tab_id="w7:t1"
2026-07-13T14:02:44.645138Z  INFO herdr::logging: session saved event="persist.save" subsystem="persist" outcome="ok" path=/Users/bdumesnildot/.config/herdr/session.json workspaces=6
2026-07-13T14:03:15.322333Z  INFO herdr::logging: tab focused event="tab.focus" subsystem="tab" outcome="ok" workspace_id="w7" tab_id="w7:t2"
2026-07-13T14:03:17.707768Z  INFO herdr::logging: tab focused event="tab.focus" subsystem="tab" outcome="ok" workspace_id="w7" tab_id="w7:t1"
2026-07-13T14:03:18.241116Z  INFO herdr::logging: tab focused event="tab.focus" subsystem="tab" outcome="ok" workspace_id="w7" tab_id="w7:t1"
2026-07-13T14:03:23.269790Z  INFO herdr::logging: session saved event="persist.save" subsystem="persist" outcome="ok" path=/Users/bdumesnildot/.config/herdr/session.json workspaces=6
2026-07-13T14:03:29.550500Z  INFO herdr::logging: tab focused event="tab.focus" subsystem="tab" outcome="ok" workspace_id="w7" tab_id="w7:t1"
2026-07-13T14:03:34.601392Z  INFO herdr::logging: session saved event="persist.save" subsystem="persist" outcome="ok" path=/Users/bdumesnildot/.config/herdr/session.json workspaces=6
2026-07-13T14:03:35.476799Z  INFO herdr::logging: workspace focused event="workspace.focus" subsystem="workspace" outcome="ok" workspace_id="w1"
2026-07-13T14:03:35.477982Z  INFO herdr::logging: tab focused event="tab.focus" subsystem="tab" outcome="ok" workspace_id="w1" tab_id="w1:t3"
2026-07-13T14:03:39.708296Z  INFO herdr::pane: agent changed pane=2 previous_agent=Some(OpenCode) agent=None pgid=Some(45613)
2026-07-13T14:03:44.449548Z  INFO herdr::logging: session saved event="persist.save" subsystem="persist" outcome="ok" path=/Users/bdumesnildot/.config/herdr/session.json workspaces=6
2026-07-13T14:03:45.738758Z  INFO herdr::logging: workspace focused event="workspace.focus" subsystem="workspace" outcome="ok" workspace_id="w2"
2026-07-13T14:03:45.738949Z  INFO herdr::logging: tab focused event="tab.focus" subsystem="tab" outcome="ok" workspace_id="w2" tab_id="w2:t1"
2026-07-13T14:03:50.800045Z  INFO herdr::logging: session saved event="persist.save" subsystem="persist" outcome="ok" path=/Users/bdumesnildot/.config/herdr/session.json workspaces=6
2026-07-13T14:13:24.449246Z  INFO herdr::pane: agent changed pane=8 previous_agent=Some(OpenCode) agent=None pgid=Some(45631)
2026-07-13T14:13:29.200425Z  INFO herdr::logging: session saved event="persist.save" subsystem="persist" outcome="ok" path=/Users/bdumesnildot/.config/herdr/session.json workspaces=6
2026-07-13T14:18:40.929082Z  INFO herdr::logging: workspace focused event="workspace.focus" subsystem="workspace" outcome="ok" workspace_id="wA"
2026-07-13T14:18:40.930821Z  INFO herdr::logging: tab focused event="tab.focus" subsystem="tab" outcome="ok" workspace_id="wA" tab_id="wA:t2"
2026-07-13T14:18:42.861682Z  INFO herdr::logging: tab focused event="tab.focus" subsystem="tab" outcome="ok" workspace_id="wA" tab_id="wA:t1"
2026-07-13T14:18:43.614059Z  INFO herdr::logging: tab focused event="tab.focus" subsystem="tab" outcome="ok" workspace_id="wA" tab_id="wA:t2"
2026-07-13T14:18:48.667591Z  INFO herdr::logging: session saved event="persist.save" subsystem="persist" outcome="ok" path=/Users/bdumesnildot/.config/herdr/session.json workspaces=6
2026-07-13T14:21:34.192967Z  INFO herdr::logging: tab focused event="tab.focus" subsystem="tab" outcome="ok" workspace_id="wA" tab_id="wA:t1"
2026-07-13T14:21:39.273032Z  INFO herdr::logging: session saved event="persist.save" subsystem="persist" outcome="ok" path=/Users/bdumesnildot/.config/herdr/session.json workspaces=6
2026-07-13T14:22:53.734583Z  INFO herdr::logging: tab focused event="tab.focus" subsystem="tab" outcome="ok" workspace_id="wA" tab_id="wA:t3"
2026-07-13T14:22:56.337489Z  INFO herdr::logging: tab focused event="tab.focus" subsystem="tab" outcome="ok" workspace_id="wA" tab_id="wA:t2"
2026-07-13T14:23:01.402193Z  INFO herdr::logging: session saved event="persist.save" subsystem="persist" outcome="ok" path=/Users/bdumesnildot/.config/herdr/session.json workspaces=6
2026-07-13T14:23:45.006438Z  INFO herdr::app::actions: copied selection to clipboard
2026-07-13T14:26:10.568044Z  INFO herdr::app::actions: copied selection to clipboard
2026-07-13T14:26:27.811546Z  INFO herdr::app::actions: copied selection to clipboard
2026-07-13T14:29:23.213584Z  INFO herdr::logging: tab focused event="tab.focus" subsystem="tab" outcome="ok" workspace_id="wA" tab_id="wA:t1"
2026-07-13T14:29:28.286567Z  INFO herdr::logging: session saved event="persist.save" subsystem="persist" outcome="ok" path=/Users/bdumesnildot/.config/herdr/session.json workspaces=6
2026-07-13T14:29:35.836782Z  INFO herdr::logging: tab focused event="tab.focus" subsystem="tab" outcome="ok" workspace_id="wA" tab_id="wA:t2"
2026-07-13T14:29:39.384886Z  INFO herdr::logging: tab focused event="tab.focus" subsystem="tab" outcome="ok" workspace_id="wA" tab_id="wA:t1"
2026-07-13T14:29:44.447938Z  INFO herdr::logging: session saved event="persist.save" subsystem="persist" outcome="ok" path=/Users/bdumesnildot/.config/herdr/session.json workspaces=6
2026-07-13T14:29:54.894378Z  INFO herdr::logging: tab focused event="tab.focus" subsystem="tab" outcome="ok" workspace_id="wA" tab_id="wA:t2"
2026-07-13T14:29:59.964931Z  INFO herdr::logging: session saved event="persist.save" subsystem="persist" outcome="ok" path=/Users/bdumesnildot/.config/herdr/session.json workspaces=6
2026-07-13T14:30:11.078512Z  INFO herdr::logging: tab focused event="tab.focus" subsystem="tab" outcome="ok" workspace_id="wA" tab_id="wA:t1"
2026-07-13T14:30:16.147987Z  INFO herdr::logging: session saved event="persist.save" subsystem="persist" outcome="ok" path=/Users/bdumesnildot/.config/herdr/session.json workspaces=6
2026-07-13T14:31:47.048550Z  INFO herdr::app::actions: copied selection to clipboard
2026-07-13T14:32:31.501672Z  WARN herdr::detect::manifest_update: skipping unknown remote manifest agent agent="maki"
2026-07-13T15:02:31.434151Z  WARN herdr::detect::manifest_update: skipping unknown remote manifest agent agent="maki"
2026-07-13T15:32:31.469131Z  WARN herdr::detect::manifest_update: skipping unknown remote manifest agent agent="maki"
2026-07-13T15:43:08.753561Z  INFO herdr::app::actions: copied selection to clipboard
2026-07-13T15:48:32.700031Z  INFO herdr::logging: tab focused event="tab.focus" subsystem="tab" outcome="ok" workspace_id="wA" tab_id="wA:t2"
2026-07-13T15:48:37.759497Z  INFO herdr::logging: session saved event="persist.save" subsystem="persist" outcome="ok" path=/Users/bdumesnildot/.config/herdr/session.json workspaces=6
2026-07-13T15:50:11.614003Z  INFO herdr::logging: tab focused event="tab.focus" subsystem="tab" outcome="ok" workspace_id="wA" tab_id="wA:t1"
2026-07-13T15:50:16.686552Z  INFO herdr::logging: session saved event="persist.save" subsystem="persist" outcome="ok" path=/Users/bdumesnildot/.config/herdr/session.json workspaces=6
2026-07-13T16:02:31.371215Z  WARN herdr::detect::manifest_update: skipping unknown remote manifest agent agent="maki"
2026-07-13T16:14:13.508344Z  INFO herdr::server::headless: client resize client_id=2 cols=236 rows=59 cell_width_px=0 cell_height_px=0
2026-07-14T12:45:17.926072Z  WARN herdr::detect::manifest_update: skipping unknown remote manifest agent agent="maki"
2026-07-14T13:38:34.169341Z  INFO herdr::server::headless: client resize client_id=2 cols=236 rows=53 cell_width_px=0 cell_height_px=0
2026-07-14T13:38:34.657008Z  INFO herdr::server::headless: client resize client_id=2 cols=185 rows=53 cell_width_px=0 cell_height_px=0
2026-07-14T14:07:31.885903Z  WARN herdr::detect::manifest_update: skipping unknown remote manifest agent agent="maki"
2026-07-14T14:43:04.346136Z  WARN herdr::detect::manifest_update: skipping unknown remote manifest agent agent="maki"
2026-07-15T06:31:30.803478Z  INFO herdr::server::headless: client resize client_id=2 cols=236 rows=59 cell_width_px=0 cell_height_px=0
2026-07-15T06:31:31.038966Z  INFO herdr::server::headless: client resize client_id=2 cols=185 rows=53 cell_width_px=0 cell_height_px=0
2026-07-15T06:50:38.681129Z  WARN herdr::detect::manifest_update: skipping unknown remote manifest agent agent="maki"
2026-07-15T07:29:36.449857Z  WARN herdr::detect::manifest_update: skipping unknown remote manifest agent agent="maki"
2026-07-15T07:59:36.301879Z  WARN herdr::detect::manifest_update: skipping unknown remote manifest agent agent="maki"
2026-07-15T08:32:59.253699Z  WARN herdr::detect::manifest_update: skipping unknown remote manifest agent agent="maki"
2026-07-15T09:08:54.569788Z  WARN herdr::detect::manifest_update: skipping unknown remote manifest agent agent="maki"
2026-07-15T09:11:17.894997Z  INFO herdr::logging: workspace focused event="workspace.focus" subsystem="workspace" outcome="ok" workspace_id="w1"
2026-07-15T09:11:17.895995Z  INFO herdr::logging: tab focused event="tab.focus" subsystem="tab" outcome="ok" workspace_id="w1" tab_id="w1:t3"
2026-07-15T09:11:22.970617Z  INFO herdr::logging: session saved event="persist.save" subsystem="persist" outcome="ok" path=/Users/bdumesnildot/.config/herdr/session.json workspaces=6
2026-07-15T09:38:54.555334Z  WARN herdr::detect::manifest_update: skipping unknown remote manifest agent agent="maki"
2026-07-15T10:08:54.630360Z  WARN herdr::detect::manifest_update: skipping unknown remote manifest agent agent="maki"
2026-07-15T10:38:54.693570Z  WARN herdr::detect::manifest_update: skipping unknown remote manifest agent agent="maki"
2026-07-15T11:08:54.618370Z  WARN herdr::detect::manifest_update: skipping unknown remote manifest agent agent="maki"
2026-07-15T11:38:55.017786Z  WARN herdr::detect::manifest_update: skipping unknown remote manifest agent agent="maki"
2026-07-15T12:08:54.775776Z  WARN herdr::detect::manifest_update: skipping unknown remote manifest agent agent="maki"
2026-07-15T12:38:54.701932Z  WARN herdr::detect::manifest_update: skipping unknown remote manifest agent agent="maki"
2026-07-15T13:08:54.709101Z  WARN herdr::detect::manifest_update: skipping unknown remote manifest agent agent="maki"
2026-07-15T13:38:54.811037Z  WARN herdr::detect::manifest_update: skipping unknown remote manifest agent agent="maki"
2026-07-15T14:01:27.403434Z  INFO herdr::logging: workspace focused event="workspace.focus" subsystem="workspace" outcome="ok" workspace_id="w1"
2026-07-15T14:01:27.405499Z  INFO herdr::logging: tab focused event="tab.focus" subsystem="tab" outcome="ok" workspace_id="w1" tab_id="w1:t3"
2026-07-15T14:01:32.163412Z  INFO herdr::pane: agent changed pane=2 previous_agent=None agent=Some(OpenCode) process=opencode pgid=Some(81870)
2026-07-15T14:01:32.462638Z  INFO herdr::logging: session saved event="persist.save" subsystem="persist" outcome="ok" path=/Users/bdumesnildot/.config/herdr/session.json workspaces=6
2026-07-15T14:07:55.241433Z  INFO herdr::pane: agent changed pane=2 previous_agent=None agent=Some(OpenCode) process=opencode pgid=Some(81870)
2026-07-15T14:08:00.239357Z  INFO herdr::logging: session saved event="persist.save" subsystem="persist" outcome="ok" path=/Users/bdumesnildot/.config/herdr/session.json workspaces=6
2026-07-15T14:08:54.772521Z  WARN herdr::detect::manifest_update: skipping unknown remote manifest agent agent="maki"
2026-07-15T14:57:38.901845Z  WARN herdr::detect::manifest_update: skipping unknown remote manifest agent agent="maki"
2026-07-15T15:27:38.863702Z  WARN herdr::detect::manifest_update: skipping unknown remote manifest agent agent="maki"
2026-07-15T15:57:38.984653Z  WARN herdr::detect::manifest_update: skipping unknown remote manifest agent agent="maki"
2026-07-15T19:57:26.781366Z  WARN herdr::detect::manifest_update: skipping unknown remote manifest agent agent="maki"
2026-07-15T20:14:30.492740Z  INFO herdr::logging: workspace focused event="workspace.focus" subsystem="workspace" outcome="ok" workspace_id="wA"
2026-07-15T20:14:30.495038Z  INFO herdr::logging: tab focused event="tab.focus" subsystem="tab" outcome="ok" workspace_id="wA" tab_id="wA:t1"
2026-07-15T20:14:35.583944Z  INFO herdr::logging: session saved event="persist.save" subsystem="persist" outcome="ok" path=/Users/bdumesnildot/.config/herdr/session.json workspaces=6
2026-07-15T20:15:05.070766Z  INFO herdr::logging: spawning pane terminal event="pane.spawn.start" subsystem="pane" outcome="started" pane_id=13 rows=52 cols=159 scrollback_limit_bytes=10000000
2026-07-15T20:15:05.104790Z  INFO herdr::logging: pane child spawned event="pane.spawned" subsystem="pane" outcome="ok" pane_id=13 pid=88702
2026-07-15T20:15:05.105720Z  INFO herdr::logging: tab focused event="tab.focus" subsystem="tab" outcome="ok" workspace_id="wA" tab_id="wA:t4"
2026-07-15T20:15:05.105767Z  INFO herdr::logging: tab created event="tab.create" subsystem="tab" outcome="ok" workspace_id="wA" tab_id="wA:t4" pane_id=13
2026-07-15T20:15:10.165540Z  INFO herdr::logging: session saved event="persist.save" subsystem="persist" outcome="ok" path=/Users/bdumesnildot/.config/herdr/session.json workspaces=6
2026-07-15T20:15:53.058734Z  INFO herdr::pane: agent changed pane=13 previous_agent=None agent=Some(OpenCode) process=opencode pgid=Some(88891)
2026-07-15T20:20:09.645612Z  INFO herdr::pane: agent changed pane=13 previous_agent=None agent=Some(OpenCode) process=opencode pgid=Some(88891)
2026-07-15T20:20:14.675742Z  INFO herdr::logging: session saved event="persist.save" subsystem="persist" outcome="ok" path=/Users/bdumesnildot/.config/herdr/session.json workspaces=6
2026-07-15T20:27:26.773768Z  WARN herdr::detect::manifest_update: skipping unknown remote manifest agent agent="maki"
2026-07-15T21:00:11.154224Z  WARN herdr::detect::manifest_update: skipping unknown remote manifest agent agent="maki"
2026-07-16T06:03:56.590231Z  INFO herdr::logging: workspace focused event="workspace.focus" subsystem="workspace" outcome="ok" workspace_id="wA"
2026-07-16T06:03:56.592341Z  INFO herdr::logging: tab focused event="tab.focus" subsystem="tab" outcome="ok" workspace_id="wA" tab_id="wA:t4"
2026-07-16T06:03:56.658032Z  INFO herdr::logging: workspace focused event="workspace.focus" subsystem="workspace" outcome="ok" workspace_id="wA"
2026-07-16T06:03:56.658093Z  INFO herdr::logging: tab focused event="tab.focus" subsystem="tab" outcome="ok" workspace_id="wA" tab_id="wA:t4"
2026-07-16T06:03:57.087224Z  INFO herdr::logging: workspace focused event="workspace.focus" subsystem="workspace" outcome="ok" workspace_id="wA"
2026-07-16T06:03:57.087432Z  INFO herdr::logging: tab focused event="tab.focus" subsystem="tab" outcome="ok" workspace_id="wA" tab_id="wA:t4"
2026-07-16T06:03:58.062148Z  INFO herdr::logging: tab focused event="tab.focus" subsystem="tab" outcome="ok" workspace_id="wA" tab_id="wA:t1"
2026-07-16T06:04:03.123797Z  INFO herdr::logging: session saved event="persist.save" subsystem="persist" outcome="ok" path=/Users/bdumesnildot/.config/herdr/session.json workspaces=6
2026-07-16T06:04:05.645049Z  INFO herdr::logging: tab focused event="tab.focus" subsystem="tab" outcome="ok" workspace_id="wA" tab_id="wA:t2"
2026-07-16T06:04:10.407321Z  INFO herdr::logging: tab focused event="tab.focus" subsystem="tab" outcome="ok" workspace_id="wA" tab_id="wA:t1"
2026-07-16T06:04:15.296084Z  INFO herdr::logging: tab focused event="tab.focus" subsystem="tab" outcome="ok" workspace_id="wA" tab_id="wA:t1"
2026-07-16T06:04:17.122060Z  INFO herdr::logging: tab focused event="tab.focus" subsystem="tab" outcome="ok" workspace_id="wA" tab_id="wA:t1"
2026-07-16T06:04:17.124014Z  INFO herdr::logging: tab closed event="tab.close" subsystem="tab" outcome="ok" workspace_id="wA" tab_id="wA:t1"
2026-07-16T06:04:22.158045Z  INFO herdr::logging: session saved event="persist.save" subsystem="persist" outcome="ok" path=/Users/bdumesnildot/.config/herdr/session.json workspaces=6
2026-07-16T06:08:42.016518Z  WARN herdr::detect::manifest_update: skipping unknown remote manifest agent agent="maki"
2026-07-16T06:08:44.133992Z  INFO herdr::logging: pane child exited event="pane.exit" subsystem="pane" outcome="completed" pane_id=10 status="ExitStatus { code: 1, signal: None }"
2026-07-16T06:08:44.148857Z  INFO herdr::pane: pane session terminated pane=10 pid=45978 signal=Hangup
2026-07-16T06:08:44.156231Z  WARN herdr::app::actions: PaneDied for unknown pane pane=10
2026-07-16T06:44:14.486523Z  WARN herdr::detect::manifest_update: skipping unknown remote manifest agent agent="maki"
2026-07-16T07:14:25.505855Z  WARN herdr::detect::manifest_update: skipping unknown remote manifest agent agent="maki"
2026-07-16T07:50:30.233771Z  INFO herdr::logging: workspace focused event="workspace.focus" subsystem="workspace" outcome="ok" workspace_id="w1"
2026-07-16T07:50:30.235784Z  INFO herdr::logging: tab focused event="tab.focus" subsystem="tab" outcome="ok" workspace_id="w1" tab_id="w1:t3"
2026-07-16T07:50:32.849930Z  INFO herdr::logging: tab focused event="tab.focus" subsystem="tab" outcome="ok" workspace_id="w1" tab_id="w1:t4"
2026-07-16T07:50:37.885143Z  INFO herdr::logging: session saved event="persist.save" subsystem="persist" outcome="ok" path=/Users/bdumesnildot/.config/herdr/session.json workspaces=6
2026-07-16T07:51:25.789652Z  WARN herdr::detect::manifest_update: skipping unknown remote manifest agent agent="maki"
2026-07-16T07:52:39.388502Z  INFO herdr::logging: workspace focused event="workspace.focus" subsystem="workspace" outcome="ok" workspace_id="w7"
2026-07-16T07:52:39.389332Z  INFO herdr::logging: tab focused event="tab.focus" subsystem="tab" outcome="ok" workspace_id="w7" tab_id="w7:t1"
2026-07-16T07:52:43.692528Z  INFO herdr::logging: tab focused event="tab.focus" subsystem="tab" outcome="ok" workspace_id="w7" tab_id="w7:t2"
2026-07-16T07:52:44.659796Z  INFO herdr::logging: tab focused event="tab.focus" subsystem="tab" outcome="ok" workspace_id="w7" tab_id="w7:t1"
2026-07-16T07:52:49.431745Z  INFO herdr::logging: tab focused event="tab.focus" subsystem="tab" outcome="ok" workspace_id="w7" tab_id="w7:t1"
2026-07-16T07:52:53.650311Z  INFO herdr::pane: agent changed pane=7 previous_agent=None agent=Some(OpenCode) process=opencode pgid=Some(98090)
2026-07-16T07:52:53.770974Z  INFO herdr::logging: pane child exited event="pane.exit" subsystem="pane" outcome="completed" pane_id=6 status="ExitStatus { code: 1, signal: None }"
2026-07-16T07:52:53.824223Z  INFO herdr::pane: pane session terminated pane=6 pid=45624 signal=Hangup
2026-07-16T07:52:53.825523Z  WARN herdr::app::actions: PaneDied for unknown pane pane=6
2026-07-16T07:52:54.449351Z  INFO herdr::logging: session saved event="persist.save" subsystem="persist" outcome="ok" path=/Users/bdumesnildot/.config/herdr/session.json workspaces=6
2026-07-16T07:54:13.149357Z  INFO herdr::pane: agent changed pane=7 previous_agent=Some(OpenCode) agent=None pgid=Some(45627)
2026-07-16T07:54:14.519218Z  INFO herdr::logging: workspace focused event="workspace.focus" subsystem="workspace" outcome="ok" workspace_id="w1"
2026-07-16T07:54:14.519252Z  INFO herdr::logging: tab focused event="tab.focus" subsystem="tab" outcome="ok" workspace_id="w1" tab_id="w1:t4"
2026-07-16T07:54:19.548179Z  INFO herdr::logging: session saved event="persist.save" subsystem="persist" outcome="ok" path=/Users/bdumesnildot/.config/herdr/session.json workspaces=6
2026-07-16T08:21:25.714769Z  WARN herdr::detect::manifest_update: skipping unknown remote manifest agent agent="maki"
2026-07-16T08:51:25.672381Z  WARN herdr::detect::manifest_update: skipping unknown remote manifest agent agent="maki"
2026-07-16T09:21:25.665701Z  WARN herdr::detect::manifest_update: skipping unknown remote manifest agent agent="maki"
2026-07-16T09:51:25.652733Z  WARN herdr::detect::manifest_update: skipping unknown remote manifest agent agent="maki"
2026-07-16T10:26:34.343392Z  WARN herdr::detect::manifest_update: skipping unknown remote manifest agent agent="maki"
2026-07-16T11:36:08.451508Z  WARN herdr::detect::manifest_update: skipping unknown remote manifest agent agent="maki"
2026-07-16T12:06:49.657528Z  WARN herdr::detect::manifest_update: skipping unknown remote manifest agent agent="maki"
2026-07-16T12:36:49.572580Z  WARN herdr::detect::manifest_update: skipping unknown remote manifest agent agent="maki"
2026-07-16T13:06:49.521937Z  WARN herdr::detect::manifest_update: skipping unknown remote manifest agent agent="maki"
2026-07-16T13:43:46.888503Z  WARN herdr::detect::manifest_update: skipping unknown remote manifest agent agent="maki"
2026-07-16T14:13:46.929453Z  WARN herdr::detect::manifest_update: skipping unknown remote manifest agent agent="maki"
2026-07-16T18:01:42.143510Z  WARN herdr::detect::manifest_update: skipping unknown remote manifest agent agent="maki"
2026-07-16T19:47:09.017999Z  WARN herdr::detect::manifest_update: skipping unknown remote manifest agent agent="maki"
2026-07-16T20:17:09.135084Z  WARN herdr::detect::manifest_update: skipping unknown remote manifest agent agent="maki"
2026-07-16T20:47:09.061898Z  WARN herdr::detect::manifest_update: skipping unknown remote manifest agent agent="maki"
2026-07-16T21:17:09.048042Z  WARN herdr::detect::manifest_update: skipping unknown remote manifest agent agent="maki"
2026-07-17T07:16:03.187133Z  WARN herdr::detect::manifest_update: skipping unknown remote manifest agent agent="maki"
2026-07-17T07:46:03.083381Z  WARN herdr::detect::manifest_update: skipping unknown remote manifest agent agent="maki"
2026-07-17T08:16:03.059783Z  WARN herdr::detect::manifest_update: skipping unknown remote manifest agent agent="maki"
2026-07-17T08:53:23.506797Z  WARN herdr::detect::manifest_update: skipping unknown remote manifest agent agent="maki"
2026-07-17T09:23:23.660646Z  WARN herdr::detect::manifest_update: skipping unknown remote manifest agent agent="maki"
2026-07-17T09:53:23.792910Z  WARN herdr::detect::manifest_update: skipping unknown remote manifest agent agent="maki"
2026-07-17T10:23:23.538949Z  WARN herdr::detect::manifest_update: skipping unknown remote manifest agent agent="maki"
2026-07-17T10:53:23.430430Z  WARN herdr::detect::manifest_update: skipping unknown remote manifest agent agent="maki"
2026-07-17T11:23:23.539850Z  WARN herdr::detect::manifest_update: skipping unknown remote manifest agent agent="maki"
2026-07-17T11:53:23.588921Z  WARN herdr::detect::manifest_update: skipping unknown remote manifest agent agent="maki"
2026-07-17T12:23:23.547865Z  WARN herdr::detect::manifest_update: skipping unknown remote manifest agent agent="maki"
2026-07-17T12:53:23.542969Z  WARN herdr::detect::manifest_update: skipping unknown remote manifest agent agent="maki"
2026-07-17T13:23:23.665799Z  WARN herdr::detect::manifest_update: skipping unknown remote manifest agent agent="maki"
2026-07-17T13:53:23.756063Z  WARN herdr::detect::manifest_update: skipping unknown remote manifest agent agent="maki"
2026-07-17T14:23:23.674326Z  WARN herdr::detect::manifest_update: skipping unknown remote manifest agent agent="maki"
2026-07-18T04:34:02.385677Z  WARN herdr::detect::manifest_update: skipping unknown remote manifest agent agent="maki"
2026-07-19T12:11:06.232044Z  WARN herdr::detect::manifest_update: skipping unknown remote manifest agent agent="maki"
2026-07-20T07:41:42.414520Z  WARN herdr::detect::manifest_update: skipping unknown remote manifest agent agent="maki"
2026-07-20T07:44:56.600231Z  INFO herdr::logging: workspace focused event="workspace.focus" subsystem="workspace" outcome="ok" workspace_id="w1"
2026-07-20T07:44:56.602562Z  INFO herdr::logging: tab focused event="tab.focus" subsystem="tab" outcome="ok" workspace_id="w1" tab_id="w1:t4"
2026-07-20T07:45:01.638486Z  INFO herdr::logging: session saved event="persist.save" subsystem="persist" outcome="ok" path=/Users/bdumesnildot/.config/herdr/session.json workspaces=6
2026-07-20T07:45:04.591561Z  INFO herdr::logging: pane child exited event="pane.exit" subsystem="pane" outcome="completed" pane_id=3 status="ExitStatus { code: 130, signal: None }"
2026-07-20T07:45:04.592660Z  INFO herdr::pane: pane session terminated pane=3 pid=45614 signal=Hangup
2026-07-20T07:45:07.259700Z  INFO herdr::logging: workspace focused event="workspace.focus" subsystem="workspace" outcome="ok" workspace_id="w1"
2026-07-20T07:45:07.259876Z  INFO herdr::logging: tab focused event="tab.focus" subsystem="tab" outcome="ok" workspace_id="w1" tab_id="w1:t3"
2026-07-20T07:45:07.837077Z  INFO herdr::logging: workspace focused event="workspace.focus" subsystem="workspace" outcome="ok" workspace_id="w1"
2026-07-20T07:45:07.837177Z  INFO herdr::logging: tab focused event="tab.focus" subsystem="tab" outcome="ok" workspace_id="w1" tab_id="w1:t3"
2026-07-20T07:45:08.586525Z  INFO herdr::logging: tab focused event="tab.focus" subsystem="tab" outcome="ok" workspace_id="w1" tab_id="w1:t2"
2026-07-20T07:45:13.609909Z  INFO herdr::logging: session saved event="persist.save" subsystem="persist" outcome="ok" path=/Users/bdumesnildot/.config/herdr/session.json workspaces=6
2026-07-20T07:45:52.112610Z  INFO herdr::logging: workspace focused event="workspace.focus" subsystem="workspace" outcome="ok" workspace_id="w7"
2026-07-20T07:45:52.112760Z  INFO herdr::logging: tab focused event="tab.focus" subsystem="tab" outcome="ok" workspace_id="w7" tab_id="w7:t2"
2026-07-20T07:45:56.815409Z  INFO herdr::logging: workspace focused event="workspace.focus" subsystem="workspace" outcome="ok" workspace_id="w1"
2026-07-20T07:45:56.815569Z  INFO herdr::logging: tab focused event="tab.focus" subsystem="tab" outcome="ok" workspace_id="w1" tab_id="w1:t2"
2026-07-20T07:46:01.838348Z  INFO herdr::logging: session saved event="persist.save" subsystem="persist" outcome="ok" path=/Users/bdumesnildot/.config/herdr/session.json workspaces=6
2026-07-20T07:48:30.581495Z  INFO herdr::pane: agent changed pane=1 previous_agent=None agent=Some(OpenCode) process=opencode pgid=Some(45772)
2026-07-20T07:52:47.881602Z  INFO herdr::pane: agent changed pane=1 previous_agent=None agent=Some(OpenCode) process=opencode pgid=Some(45772)
2026-07-20T07:52:52.893162Z  INFO herdr::logging: session saved event="persist.save" subsystem="persist" outcome="ok" path=/Users/bdumesnildot/.config/herdr/session.json workspaces=6
2026-07-20T07:56:34.483723Z  INFO herdr::logging: workspace focused event="workspace.focus" subsystem="workspace" outcome="ok" workspace_id="wA"
2026-07-20T07:56:34.484158Z  INFO herdr::logging: tab focused event="tab.focus" subsystem="tab" outcome="ok" workspace_id="wA" tab_id="wA:t2"
2026-07-20T07:56:39.515482Z  INFO herdr::logging: session saved event="persist.save" subsystem="persist" outcome="ok" path=/Users/bdumesnildot/.config/herdr/session.json workspaces=6
2026-07-20T07:57:24.523777Z  INFO herdr::logging: session saved event="persist.save" subsystem="persist" outcome="ok" path=/Users/bdumesnildot/.config/herdr/session.json workspaces=6
2026-07-20T07:57:35.670242Z  INFO herdr::logging: workspace focused event="workspace.focus" subsystem="workspace" outcome="ok" workspace_id="w1"
2026-07-20T07:57:35.670676Z  INFO herdr::logging: tab focused event="tab.focus" subsystem="tab" outcome="ok" workspace_id="w1" tab_id="w1:t2"
2026-07-20T07:57:40.691842Z  INFO herdr::logging: session saved event="persist.save" subsystem="persist" outcome="ok" path=/Users/bdumesnildot/.config/herdr/session.json workspaces=6
2026-07-20T07:59:36.185091Z  INFO herdr::logging: tab focused event="tab.focus" subsystem="tab" outcome="ok" workspace_id="w1" tab_id="w1:t3"
2026-07-20T07:59:40.751648Z  INFO herdr::pane: agent changed pane=2 previous_agent=Some(OpenCode) agent=None pgid=Some(45613)
2026-07-20T07:59:45.480226Z  INFO herdr::logging: session saved event="persist.save" subsystem="persist" outcome="ok" path=/Users/bdumesnildot/.config/herdr/session.json workspaces=6
2026-07-20T07:59:52.215079Z  INFO herdr::logging: tab focused event="tab.focus" subsystem="tab" outcome="ok" workspace_id="w1" tab_id="w1:t2"
2026-07-20T07:59:57.235495Z  INFO herdr::logging: session saved event="persist.save" subsystem="persist" outcome="ok" path=/Users/bdumesnildot/.config/herdr/session.json workspaces=6
2026-07-20T08:00:01.715352Z  INFO herdr::logging: tab focused event="tab.focus" subsystem="tab" outcome="ok" workspace_id="w1" tab_id="w1:t3"
2026-07-20T08:00:06.735049Z  INFO herdr::logging: session saved event="persist.save" subsystem="persist" outcome="ok" path=/Users/bdumesnildot/.config/herdr/session.json workspaces=6
2026-07-20T08:01:52.537689Z  INFO herdr::logging: tab focused event="tab.focus" subsystem="tab" outcome="ok" workspace_id="w1" tab_id="w1:t2"
2026-07-20T08:01:57.573915Z  INFO herdr::logging: session saved event="persist.save" subsystem="persist" outcome="ok" path=/Users/bdumesnildot/.config/herdr/session.json workspaces=6
2026-07-20T08:03:43.657834Z  INFO herdr::logging: tab focused event="tab.focus" subsystem="tab" outcome="ok" workspace_id="w1" tab_id="w1:t3"
2026-07-20T08:03:48.709798Z  INFO herdr::logging: session saved event="persist.save" subsystem="persist" outcome="ok" path=/Users/bdumesnildot/.config/herdr/session.json workspaces=6
2026-07-20T08:06:56.167647Z  INFO herdr::logging: tab focused event="tab.focus" subsystem="tab" outcome="ok" workspace_id="w1" tab_id="w1:t2"
2026-07-20T08:07:01.328841Z  INFO herdr::logging: session saved event="persist.save" subsystem="persist" outcome="ok" path=/Users/bdumesnildot/.config/herdr/session.json workspaces=6
2026-07-20T08:10:21.651556Z  INFO herdr::logging: tab focused event="tab.focus" subsystem="tab" outcome="ok" workspace_id="w1" tab_id="w1:t3"
2026-07-20T08:10:21.770548Z  INFO herdr::logging: tab focused event="tab.focus" subsystem="tab" outcome="ok" workspace_id="w1" tab_id="w1:t3"
2026-07-20T08:10:27.077718Z  INFO herdr::logging: session saved event="persist.save" subsystem="persist" outcome="ok" path=/Users/bdumesnildot/.config/herdr/session.json workspaces=6
2026-07-20T08:11:42.568500Z  WARN herdr::detect::manifest_update: skipping unknown remote manifest agent agent="maki"
2026-07-20T08:39:06.541957Z  INFO herdr::app::actions: copied selection to clipboard
2026-07-20T08:39:20.917874Z  INFO herdr::app::actions: copied selection to clipboard
2026-07-20T08:40:48.263768Z  INFO herdr::app::actions: copied selection to clipboard
2026-07-20T08:40:49.579082Z  INFO herdr::app::actions: copied selection to clipboard
2026-07-20T08:40:51.604315Z  INFO herdr::app::actions: copied selection to clipboard
2026-07-20T08:41:20.902905Z  INFO herdr::app::actions: copied selection to clipboard
2026-07-20T08:41:31.683737Z  INFO herdr::logging: tab focused event="tab.focus" subsystem="tab" outcome="ok" workspace_id="w1" tab_id="w1:t2"
2026-07-20T08:41:31.755570Z  INFO herdr::logging: tab focused event="tab.focus" subsystem="tab" outcome="ok" workspace_id="w1" tab_id="w1:t2"
2026-07-20T08:41:36.815432Z  INFO herdr::logging: session saved event="persist.save" subsystem="persist" outcome="ok" path=/Users/bdumesnildot/.config/herdr/session.json workspaces=6
2026-07-20T08:41:42.394319Z  WARN herdr::detect::manifest_update: skipping unknown remote manifest agent agent="maki"
2026-07-20T08:52:33.768751Z  INFO herdr::logging: tab focused event="tab.focus" subsystem="tab" outcome="ok" workspace_id="w1" tab_id="w1:t3"
2026-07-20T08:52:37.045111Z  INFO herdr::server::headless: client resize client_id=2 cols=370 rows=106 cell_width_px=0 cell_height_px=0
2026-07-20T08:52:37.150161Z  INFO herdr::server::headless: client resize client_id=2 cols=185 rows=53 cell_width_px=0 cell_height_px=0
2026-07-20T08:52:37.977017Z  INFO herdr::server::headless: client resize client_id=2 cols=186 rows=53 cell_width_px=0 cell_height_px=0
2026-07-20T08:52:38.082126Z  INFO herdr::server::headless: client resize client_id=2 cols=204 rows=55 cell_width_px=0 cell_height_px=0
2026-07-20T08:52:38.185441Z  INFO herdr::server::headless: client resize client_id=2 cols=224 rows=57 cell_width_px=0 cell_height_px=0
2026-07-20T08:52:38.290519Z  INFO herdr::server::headless: client resize client_id=2 cols=236 rows=59 cell_width_px=0 cell_height_px=0
2026-07-20T08:52:38.809979Z  INFO herdr::logging: session saved event="persist.save" subsystem="persist" outcome="ok" path=/Users/bdumesnildot/.config/herdr/session.json workspaces=6
2026-07-20T08:54:01.126804Z  INFO herdr::app::actions: copied selection to clipboard
2026-07-20T08:54:16.982697Z  INFO herdr::app::actions: copied selection to clipboard
2026-07-20T09:13:55.022434Z  INFO herdr::server::headless: client resize client_id=2 cols=236 rows=53 cell_width_px=0 cell_height_px=0
2026-07-20T09:13:56.368491Z  INFO herdr::server::headless: client resize client_id=2 cols=185 rows=53 cell_width_px=0 cell_height_px=0
2026-07-20T09:13:57.960181Z  INFO herdr::server::headless: client resize client_id=2 cols=236 rows=59 cell_width_px=0 cell_height_px=0
2026-07-20T09:19:27.885820Z  WARN herdr::detect::manifest_update: skipping unknown remote manifest agent agent="maki"
2026-07-20T09:23:07.508941Z  INFO herdr::logging: tab focused event="tab.focus" subsystem="tab" outcome="ok" workspace_id="w1" tab_id="w1:t2"
2026-07-20T09:23:09.766354Z  INFO herdr::pane: agent changed pane=1 previous_agent=Some(OpenCode) agent=None pgid=Some(45612)
2026-07-20T09:23:13.714826Z  INFO herdr::server::headless: client resize client_id=2 cols=185 rows=53 cell_width_px=0 cell_height_px=0
2026-07-20T09:23:14.492458Z  INFO herdr::logging: session saved event="persist.save" subsystem="persist" outcome="ok" path=/Users/bdumesnildot/.config/herdr/session.json workspaces=6
2026-07-20T09:25:36.197499Z  INFO herdr::pane: agent changed pane=1 previous_agent=None agent=Some(OpenCode) process=opencode pgid=Some(55910)
2026-07-20T09:30:28.590456Z  INFO herdr::pane: agent changed pane=1 previous_agent=Some(OpenCode) agent=None pgid=Some(45612)
2026-07-20T09:30:29.602432Z  INFO herdr::pane: agent changed pane=1 previous_agent=None agent=Some(OpenCode) process=opencode pgid=Some(56817)
2026-07-20T09:30:55.375945Z  INFO herdr::pane: agent changed pane=1 previous_agent=None agent=Some(OpenCode) process=opencode pgid=Some(56817)
2026-07-20T09:31:00.396203Z  INFO herdr::logging: session saved event="persist.save" subsystem="persist" outcome="ok" path=/Users/bdumesnildot/.config/herdr/session.json workspaces=6
2026-07-20T09:42:16.612435Z  INFO herdr::logging: workspace focused event="workspace.focus" subsystem="workspace" outcome="ok" workspace_id="wA"
2026-07-20T09:42:16.614252Z  INFO herdr::logging: tab focused event="tab.focus" subsystem="tab" outcome="ok" workspace_id="wA" tab_id="wA:t4"
2026-07-20T09:42:21.657748Z  INFO herdr::logging: session saved event="persist.save" subsystem="persist" outcome="ok" path=/Users/bdumesnildot/.config/herdr/session.json workspaces=6
2026-07-20T09:42:23.967392Z  INFO herdr::pane: agent changed pane=13 previous_agent=Some(OpenCode) agent=None pgid=Some(88702)
2026-07-20T09:42:26.847933Z  INFO herdr::logging: tab focused event="tab.focus" subsystem="tab" outcome="ok" workspace_id="wA" tab_id="wA:t3"
2026-07-20T09:42:31.876170Z  INFO herdr::logging: session saved event="persist.save" subsystem="persist" outcome="ok" path=/Users/bdumesnildot/.config/herdr/session.json workspaces=6
2026-07-20T09:42:33.206245Z  INFO herdr::logging: tab focused event="tab.focus" subsystem="tab" outcome="ok" workspace_id="wA" tab_id="wA:t3"
2026-07-20T09:42:34.880121Z  INFO herdr::logging: tab focused event="tab.focus" subsystem="tab" outcome="ok" workspace_id="wA" tab_id="wA:t3"
2026-07-20T09:42:34.880368Z  INFO herdr::logging: tab closed event="tab.close" subsystem="tab" outcome="ok" workspace_id="wA" tab_id="wA:t3"
2026-07-20T09:42:37.518131Z  INFO herdr::logging: workspace focused event="workspace.focus" subsystem="workspace" outcome="ok" workspace_id="w1"
2026-07-20T09:42:37.518247Z  INFO herdr::logging: tab focused event="tab.focus" subsystem="tab" outcome="ok" workspace_id="w1" tab_id="w1:t2"
2026-07-20T09:42:42.554601Z  INFO herdr::logging: session saved event="persist.save" subsystem="persist" outcome="ok" path=/Users/bdumesnildot/.config/herdr/session.json workspaces=6
2026-07-20T09:43:36.807788Z  INFO herdr::logging: tab focused event="tab.focus" subsystem="tab" outcome="ok" workspace_id="w1" tab_id="w1:t3"
2026-07-20T09:43:39.108425Z  INFO herdr::pane: agent changed pane=2 previous_agent=None agent=Some(OpenCode) process=opencode pgid=Some(58451)
2026-07-20T09:43:39.111535Z  INFO herdr::logging: pane child exited event="pane.exit" subsystem="pane" outcome="completed" pane_id=12 status="ExitStatus { code: 1, signal: None }"
2026-07-20T09:43:39.133722Z  INFO herdr::pane: pane session terminated pane=12 pid=7160 signal=Hangup
2026-07-20T09:43:39.134580Z  WARN herdr::app::actions: PaneDied for unknown pane pane=12
2026-07-20T09:43:41.829578Z  INFO herdr::logging: session saved event="persist.save" subsystem="persist" outcome="ok" path=/Users/bdumesnildot/.config/herdr/session.json workspaces=6
2026-07-20T09:43:48.067174Z  INFO herdr::pane: agent changed pane=2 previous_agent=None agent=Some(OpenCode) process=opencode pgid=Some(58451)
2026-07-20T09:43:53.062122Z  INFO herdr::logging: session saved event="persist.save" subsystem="persist" outcome="ok" path=/Users/bdumesnildot/.config/herdr/session.json workspaces=6
2026-07-20T09:43:58.676128Z  INFO herdr::pane: agent changed pane=2 previous_agent=Some(OpenCode) agent=None pgid=Some(45613)
2026-07-20T09:44:00.074247Z  INFO herdr::logging: tab focused event="tab.focus" subsystem="tab" outcome="ok" workspace_id="w1" tab_id="w1:t2"
2026-07-20T09:44:05.108102Z  INFO herdr::logging: session saved event="persist.save" subsystem="persist" outcome="ok" path=/Users/bdumesnildot/.config/herdr/session.json workspaces=6
2026-07-20T09:44:35.955916Z  INFO herdr::pane: agent changed pane=1 previous_agent=Some(OpenCode) agent=None pgid=Some(45612)
2026-07-20T09:44:37.976578Z  INFO herdr::pane: agent changed pane=1 previous_agent=None agent=Some(OpenCode) process=opencode pgid=Some(59363)
2026-07-20T09:44:40.670743Z  INFO herdr::logging: session saved event="persist.save" subsystem="persist" outcome="ok" path=/Users/bdumesnildot/.config/herdr/session.json workspaces=6
2026-07-20T09:44:56.244737Z  INFO herdr::logging: session saved event="persist.save" subsystem="persist" outcome="ok" path=/Users/bdumesnildot/.config/herdr/session.json workspaces=6
2026-07-20T09:49:27.803241Z  WARN herdr::detect::manifest_update: skipping unknown remote manifest agent agent="maki"
2026-07-20T10:00:27.271572Z  INFO herdr::logging: tab focused event="tab.focus" subsystem="tab" outcome="ok" workspace_id="w1" tab_id="w1:t3"
2026-07-20T10:00:32.324139Z  INFO herdr::logging: session saved event="persist.save" subsystem="persist" outcome="ok" path=/Users/bdumesnildot/.config/herdr/session.json workspaces=6
2026-07-20T10:05:40.111531Z  INFO herdr::logging: workspace focused event="workspace.focus" subsystem="workspace" outcome="ok" workspace_id="w6"
2026-07-20T10:05:40.112785Z  INFO herdr::logging: tab focused event="tab.focus" subsystem="tab" outcome="ok" workspace_id="w6" tab_id="w6:t1"
2026-07-20T10:05:45.160488Z  INFO herdr::logging: session saved event="persist.save" subsystem="persist" outcome="ok" path=/Users/bdumesnildot/.config/herdr/session.json workspaces=6
2026-07-20T10:15:14.192855Z  INFO herdr::pane: agent changed pane=4 previous_agent=None agent=Some(OpenCode) process=opencode pgid=Some(65446)
2026-07-20T10:15:33.860675Z  INFO herdr::pane: agent changed pane=4 previous_agent=None agent=Some(OpenCode) process=opencode pgid=Some(65446)
2026-07-20T10:15:38.867149Z  INFO herdr::logging: session saved event="persist.save" subsystem="persist" outcome="ok" path=/Users/bdumesnildot/.config/herdr/session.json workspaces=6
2026-07-20T10:15:53.295141Z  INFO herdr::pane: agent changed pane=4 previous_agent=Some(OpenCode) agent=None pgid=Some(45617)
2026-07-20T10:15:53.801165Z  INFO herdr::pane: agent changed pane=4 previous_agent=None agent=Some(OpenCode) process=opencode pgid=Some(66292)
2026-07-20T10:15:58.014240Z  INFO herdr::logging: session saved event="persist.save" subsystem="persist" outcome="ok" path=/Users/bdumesnildot/.config/herdr/session.json workspaces=6
2026-07-20T10:17:53.359863Z  INFO herdr::pane: agent changed pane=4 previous_agent=None agent=Some(OpenCode) process=opencode pgid=Some(66292)
2026-07-20T10:17:58.387629Z  INFO herdr::logging: session saved event="persist.save" subsystem="persist" outcome="ok" path=/Users/bdumesnildot/.config/herdr/session.json workspaces=6
2026-07-20T10:19:27.810378Z  WARN herdr::detect::manifest_update: skipping unknown remote manifest agent agent="maki"
2026-07-20T11:37:49.952094Z  WARN herdr::detect::manifest_update: skipping unknown remote manifest agent agent="maki"
2026-07-20T12:07:50.044231Z  WARN herdr::detect::manifest_update: skipping unknown remote manifest agent agent="maki"
2026-07-20T12:29:33.305027Z  INFO herdr::logging: workspace focused event="workspace.focus" subsystem="workspace" outcome="ok" workspace_id="w1"
2026-07-20T12:29:33.306375Z  INFO herdr::logging: tab focused event="tab.focus" subsystem="tab" outcome="ok" workspace_id="w1" tab_id="w1:t2"
2026-07-20T12:29:38.341558Z  INFO herdr::logging: session saved event="persist.save" subsystem="persist" outcome="ok" path=/Users/bdumesnildot/.config/herdr/session.json workspaces=6
2026-07-20T12:30:05.041461Z  INFO herdr::logging: workspace focused event="workspace.focus" subsystem="workspace" outcome="ok" workspace_id="w6"
2026-07-20T12:30:05.041691Z  INFO herdr::logging: tab focused event="tab.focus" subsystem="tab" outcome="ok" workspace_id="w6" tab_id="w6:t1"
2026-07-20T12:30:10.064163Z  INFO herdr::logging: session saved event="persist.save" subsystem="persist" outcome="ok" path=/Users/bdumesnildot/.config/herdr/session.json workspaces=6
2026-07-20T12:31:38.765646Z  INFO herdr::pane: agent changed pane=4 previous_agent=Some(OpenCode) agent=None pgid=Some(45617)
2026-07-20T12:31:43.500598Z  INFO herdr::logging: session saved event="persist.save" subsystem="persist" outcome="ok" path=/Users/bdumesnildot/.config/herdr/session.json workspaces=6
2026-07-20T12:32:33.279932Z  INFO herdr::pane: agent changed pane=4 previous_agent=None agent=Some(OpenCode) process=opencode pgid=Some(71175)
2026-07-20T12:32:39.758638Z  INFO herdr::pane: agent changed pane=4 previous_agent=None agent=Some(OpenCode) process=opencode pgid=Some(71175)
2026-07-20T12:32:44.697587Z  INFO herdr::logging: session saved event="persist.save" subsystem="persist" outcome="ok" path=/Users/bdumesnildot/.config/herdr/session.json workspaces=6
2026-07-20T12:37:50.054768Z  WARN herdr::detect::manifest_update: skipping unknown remote manifest agent agent="maki"
2026-07-20T13:07:49.974494Z  WARN herdr::detect::manifest_update: skipping unknown remote manifest agent agent="maki"
2026-07-20T13:37:49.923382Z  WARN herdr::detect::manifest_update: skipping unknown remote manifest agent agent="maki"
2026-07-20T13:58:14.030490Z  INFO herdr::pane: agent changed pane=4 previous_agent=Some(OpenCode) agent=None pgid=Some(45617)
2026-07-20T13:58:18.788615Z  INFO herdr::logging: session saved event="persist.save" subsystem="persist" outcome="ok" path=/Users/bdumesnildot/.config/herdr/session.json workspaces=6
2026-07-20T14:07:49.909048Z  WARN herdr::detect::manifest_update: skipping unknown remote manifest agent agent="maki"
2026-07-20T14:37:49.952049Z  WARN herdr::detect::manifest_update: skipping unknown remote manifest agent agent="maki"
2026-07-20T15:15:37.405018Z  WARN herdr::detect::manifest_update: skipping unknown remote manifest agent agent="maki"
2026-07-20T15:45:37.388648Z  WARN herdr::detect::manifest_update: skipping unknown remote manifest agent agent="maki"
2026-07-20T20:16:59.857574Z  WARN herdr::detect::manifest_update: skipping unknown remote manifest agent agent="maki"
2026-07-20T20:46:59.832886Z  WARN herdr::detect::manifest_update: skipping unknown remote manifest agent agent="maki"
2026-07-21T06:34:23.831232Z  INFO herdr::app::actions: copied selection to clipboard
2026-07-21T06:34:36.604364Z  INFO herdr::app::actions: copied selection to clipboard
2026-07-21T06:34:40.069364Z  INFO herdr::app::actions: copied selection to clipboard
2026-07-21T06:43:11.357195Z  WARN herdr::detect::manifest_update: skipping unknown remote manifest agent agent="maki"
2026-07-21T06:50:38.686480Z  INFO herdr::logging: workspace focused event="workspace.focus" subsystem="workspace" outcome="ok" workspace_id="w1"
2026-07-21T06:50:38.687354Z  INFO herdr::logging: tab focused event="tab.focus" subsystem="tab" outcome="ok" workspace_id="w1" tab_id="w1:t2"
2026-07-21T06:50:43.734523Z  INFO herdr::logging: session saved event="persist.save" subsystem="persist" outcome="ok" path=/Users/bdumesnildot/.config/herdr/session.json workspaces=6
2026-07-21T06:50:44.824793Z  INFO herdr::logging: workspace focused event="workspace.focus" subsystem="workspace" outcome="ok" workspace_id="w9"
2026-07-21T06:50:44.826098Z  INFO herdr::logging: tab focused event="tab.focus" subsystem="tab" outcome="ok" workspace_id="w9" tab_id="w9:t1"
2026-07-21T06:50:49.861148Z  INFO herdr::logging: session saved event="persist.save" subsystem="persist" outcome="ok" path=/Users/bdumesnildot/.config/herdr/session.json workspaces=6
2026-07-21T06:56:44.928394Z  INFO herdr::pane: agent changed pane=9 previous_agent=None agent=Some(OpenCode) process=opencode pgid=Some(13526)
2026-07-21T06:58:39.037721Z  INFO herdr::pane: agent changed pane=9 previous_agent=None agent=Some(OpenCode) process=opencode pgid=Some(13526)
2026-07-21T06:58:44.026808Z  INFO herdr::logging: session saved event="persist.save" subsystem="persist" outcome="ok" path=/Users/bdumesnildot/.config/herdr/session.json workspaces=6
2026-07-21T07:14:50.224613Z  INFO herdr::logging: spawning pane terminal event="pane.spawn.start" subsystem="pane" outcome="started" pane_id=14 rows=52 cols=159 scrollback_limit_bytes=10000000
2026-07-21T07:14:50.239671Z  INFO herdr::logging: pane child spawned event="pane.spawned" subsystem="pane" outcome="ok" pane_id=14 pid=14786
2026-07-21T07:14:50.240037Z  INFO herdr::logging: tab focused event="tab.focus" subsystem="tab" outcome="ok" workspace_id="w9" tab_id="w9:t2"
2026-07-21T07:14:50.240084Z  INFO herdr::logging: tab created event="tab.create" subsystem="tab" outcome="ok" workspace_id="w9" tab_id="w9:t2" pane_id=14
2026-07-21T07:14:55.284960Z  INFO herdr::logging: session saved event="persist.save" subsystem="persist" outcome="ok" path=/Users/bdumesnildot/.config/herdr/session.json workspaces=6
2026-07-21T07:15:05.154794Z  INFO herdr::logging: tab focused event="tab.focus" subsystem="tab" outcome="ok" workspace_id="w9" tab_id="w9:t1"
2026-07-21T07:15:10.184515Z  INFO herdr::logging: session saved event="persist.save" subsystem="persist" outcome="ok" path=/Users/bdumesnildot/.config/herdr/session.json workspaces=6
2026-07-21T07:15:55.981910Z  INFO herdr::logging: tab focused event="tab.focus" subsystem="tab" outcome="ok" workspace_id="w9" tab_id="w9:t2"
2026-07-21T07:15:56.078508Z  INFO herdr::logging: tab focused event="tab.focus" subsystem="tab" outcome="ok" workspace_id="w9" tab_id="w9:t2"
2026-07-21T07:16:01.105569Z  INFO herdr::logging: session saved event="persist.save" subsystem="persist" outcome="ok" path=/Users/bdumesnildot/.config/herdr/session.json workspaces=6
2026-07-21T07:16:02.828435Z  INFO herdr::logging: tab focused event="tab.focus" subsystem="tab" outcome="ok" workspace_id="w9" tab_id="w9:t1"
2026-07-21T07:16:07.845865Z  INFO herdr::logging: session saved event="persist.save" subsystem="persist" outcome="ok" path=/Users/bdumesnildot/.config/herdr/session.json workspaces=6
2026-07-21T07:20:07.631123Z  WARN herdr::detect::manifest_update: skipping unknown remote manifest agent agent="maki"
2026-07-21T07:46:49.945287Z  INFO herdr::pane: agent changed pane=9 previous_agent=Some(OpenCode) agent=None pgid=Some(45977)
2026-07-21T07:46:51.796656Z  INFO herdr::logging: workspace focused event="workspace.focus" subsystem="workspace" outcome="ok" workspace_id="w1"
2026-07-21T07:46:51.796800Z  INFO herdr::logging: tab focused event="tab.focus" subsystem="tab" outcome="ok" workspace_id="w1" tab_id="w1:t2"
2026-07-21T07:46:56.827232Z  INFO herdr::logging: session saved event="persist.save" subsystem="persist" outcome="ok" path=/Users/bdumesnildot/.config/herdr/session.json workspaces=6
2026-07-21T07:50:07.751039Z  WARN herdr::detect::manifest_update: skipping unknown remote manifest agent agent="maki"
2026-07-21T08:11:34.726514Z  INFO herdr::logging: workspace focused event="workspace.focus" subsystem="workspace" outcome="ok" workspace_id="wA"
2026-07-21T08:11:34.728290Z  INFO herdr::logging: tab focused event="tab.focus" subsystem="tab" outcome="ok" workspace_id="wA" tab_id="wA:t2"
2026-07-21T08:11:39.783978Z  INFO herdr::logging: session saved event="persist.save" subsystem="persist" outcome="ok" path=/Users/bdumesnildot/.config/herdr/session.json workspaces=6
2026-07-21T08:20:07.701469Z  WARN herdr::detect::manifest_update: skipping unknown remote manifest agent agent="maki"
2026-07-21T08:49:42.895760Z  INFO herdr::logging: tab focused event="tab.focus" subsystem="tab" outcome="ok" workspace_id="wA" tab_id="wA:t4"
2026-07-21T08:49:47.735388Z  INFO herdr::logging: tab focused event="tab.focus" subsystem="tab" outcome="ok" workspace_id="wA" tab_id="wA:t2"
2026-07-21T08:49:49.806035Z  INFO herdr::logging: tab focused event="tab.focus" subsystem="tab" outcome="ok" workspace_id="wA" tab_id="wA:t2"
2026-07-21T08:49:49.806698Z  INFO herdr::logging: tab closed event="tab.close" subsystem="tab" outcome="ok" workspace_id="wA" tab_id="wA:t2"
2026-07-21T08:49:54.828065Z  INFO herdr::logging: session saved event="persist.save" subsystem="persist" outcome="ok" path=/Users/bdumesnildot/.config/herdr/session.json workspaces=6
2026-07-21T08:50:07.731241Z  WARN herdr::detect::manifest_update: skipping unknown remote manifest agent agent="maki"
2026-07-21T08:50:09.847152Z  INFO herdr::logging: pane child exited event="pane.exit" subsystem="pane" outcome="completed" pane_id=11 status="ExitStatus { code: 1, signal: None }"
2026-07-21T08:50:09.854896Z  INFO herdr::pane: pane session terminated pane=11 pid=45641 signal=Hangup
2026-07-21T08:50:09.858665Z  WARN herdr::app::actions: PaneDied for unknown pane pane=11
2026-07-21T09:20:07.675188Z  WARN herdr::detect::manifest_update: skipping unknown remote manifest agent agent="maki"
2026-07-21T09:50:07.639483Z  WARN herdr::detect::manifest_update: skipping unknown remote manifest agent agent="maki"
2026-07-21T10:20:07.689151Z  WARN herdr::detect::manifest_update: skipping unknown remote manifest agent agent="maki"
2026-07-21T11:33:24.873427Z  WARN herdr::detect::manifest_update: skipping unknown remote manifest agent agent="maki"
2026-07-21T12:09:58.721750Z  WARN herdr::detect::manifest_update: skipping unknown remote manifest agent agent="maki"
2026-07-21T12:39:58.603448Z  WARN herdr::detect::manifest_update: skipping unknown remote manifest agent agent="maki"
2026-07-21T13:09:58.668572Z  WARN herdr::detect::manifest_update: skipping unknown remote manifest agent agent="maki"
2026-07-21T13:39:58.633584Z  WARN herdr::detect::manifest_update: skipping unknown remote manifest agent agent="maki"
2026-07-21T14:09:58.666290Z  WARN herdr::detect::manifest_update: skipping unknown remote manifest agent agent="maki"
2026-07-21T14:39:58.623224Z  WARN herdr::detect::manifest_update: skipping unknown remote manifest agent agent="maki"
2026-07-21T14:51:15.857904Z  INFO herdr::logging: workspace focused event="workspace.focus" subsystem="workspace" outcome="ok" workspace_id="w1"
2026-07-21T14:51:15.858758Z  INFO herdr::logging: tab focused event="tab.focus" subsystem="tab" outcome="ok" workspace_id="w1" tab_id="w1:t2"
2026-07-21T14:51:20.894746Z  INFO herdr::logging: session saved event="persist.save" subsystem="persist" outcome="ok" path=/Users/bdumesnildot/.config/herdr/session.json workspaces=6
2026-07-21T15:09:58.630433Z  WARN herdr::detect::manifest_update: skipping unknown remote manifest agent agent="maki"
2026-07-21T15:39:58.672039Z  WARN herdr::detect::manifest_update: skipping unknown remote manifest agent agent="maki"
2026-07-21T16:09:58.640803Z  WARN herdr::detect::manifest_update: skipping unknown remote manifest agent agent="maki"
2026-07-21T16:17:00.755313Z  INFO herdr::pane: agent changed pane=1 previous_agent=Some(OpenCode) agent=None pgid=Some(45612)
2026-07-21T16:17:05.486216Z  INFO herdr::logging: session saved event="persist.save" subsystem="persist" outcome="ok" path=/Users/bdumesnildot/.config/herdr/session.json workspaces=6
2026-07-22T07:23:33.683649Z  WARN herdr::detect::manifest_update: skipping unknown remote manifest agent agent="maki"
2026-07-22T07:45:43.684802Z  INFO herdr::app::actions: copied selection to clipboard
2026-07-22T07:59:25.372155Z  WARN herdr::detect::manifest_update: skipping unknown remote manifest agent agent="maki"
2026-07-22T08:29:25.308520Z  WARN herdr::detect::manifest_update: skipping unknown remote manifest agent agent="maki"
2026-07-22T09:02:49.620575Z  WARN herdr::detect::manifest_update: skipping unknown remote manifest agent agent="maki"
2026-07-22T09:32:49.418360Z  WARN herdr::detect::manifest_update: skipping unknown remote manifest agent agent="maki"
2026-07-22T10:02:49.484503Z  WARN herdr::detect::manifest_update: skipping unknown remote manifest agent agent="maki"
2026-07-22T11:26:38.019265Z  WARN herdr::detect::manifest_update: skipping unknown remote manifest agent agent="maki"
2026-07-22T12:12:50.811418Z  WARN herdr::detect::manifest_update: skipping unknown remote manifest agent agent="maki"
2026-07-22T12:42:50.973314Z  WARN herdr::detect::manifest_update: skipping unknown remote manifest agent agent="maki"
2026-07-22T13:04:35.691405Z  INFO herdr::logging: workspace focused event="workspace.focus" subsystem="workspace" outcome="ok" workspace_id="w2"
2026-07-22T13:04:35.692812Z  INFO herdr::logging: tab focused event="tab.focus" subsystem="tab" outcome="ok" workspace_id="w2" tab_id="w2:t1"
2026-07-22T13:04:36.750007Z  INFO herdr::logging: workspace focused event="workspace.focus" subsystem="workspace" outcome="ok" workspace_id="w9"
2026-07-22T13:04:36.750118Z  INFO herdr::logging: tab focused event="tab.focus" subsystem="tab" outcome="ok" workspace_id="w9" tab_id="w9:t1"
2026-07-22T13:04:41.797009Z  INFO herdr::logging: session saved event="persist.save" subsystem="persist" outcome="ok" path=/Users/bdumesnildot/.config/herdr/session.json workspaces=6
2026-07-22T13:13:08.530005Z  WARN herdr::detect::manifest_update: agent detection manifest update failed: failed to fetch https://herdr.dev/agent-detection/index.toml
2026-07-22T13:42:50.784856Z  WARN herdr::detect::manifest_update: skipping unknown remote manifest agent agent="maki"
2026-07-22T14:12:51.222145Z  WARN herdr::detect::manifest_update: skipping unknown remote manifest agent agent="maki"
2026-07-22T14:42:50.952803Z  WARN herdr::detect::manifest_update: skipping unknown remote manifest agent agent="maki"
2026-07-22T15:12:50.951687Z  WARN herdr::detect::manifest_update: skipping unknown remote manifest agent agent="maki"
2026-07-22T15:42:50.796432Z  WARN herdr::detect::manifest_update: skipping unknown remote manifest agent agent="maki"
2026-07-23T07:12:49.125104Z  WARN herdr::detect::manifest_update: skipping unknown remote manifest agent agent="maki"
2026-07-23T07:42:49.201133Z  WARN herdr::detect::manifest_update: skipping unknown remote manifest agent agent="maki"
2026-07-23T08:12:49.267565Z  WARN herdr::detect::manifest_update: skipping unknown remote manifest agent agent="maki"
2026-07-23T08:42:49.420727Z  WARN herdr::detect::manifest_update: skipping unknown remote manifest agent agent="maki"
2026-07-23T09:14:40.213752Z  WARN herdr::detect::manifest_update: skipping unknown remote manifest agent agent="maki"
2026-07-23T09:44:40.237295Z  WARN herdr::detect::manifest_update: skipping unknown remote manifest agent agent="maki"
2026-07-23T10:14:40.272166Z  WARN herdr::detect::manifest_update: skipping unknown remote manifest agent agent="maki"
2026-07-23T10:44:40.206944Z  WARN herdr::detect::manifest_update: skipping unknown remote manifest agent agent="maki"
2026-07-23T11:45:30.813779Z  WARN herdr::detect::manifest_update: skipping unknown remote manifest agent agent="maki"
2026-07-23T12:15:30.318986Z  WARN herdr::detect::manifest_update: skipping unknown remote manifest agent agent="maki"
2026-07-23T12:45:30.685744Z  WARN herdr::detect::manifest_update: skipping unknown remote manifest agent agent="maki"
2026-07-23T13:17:01.729679Z  WARN herdr::detect::manifest_update: skipping unknown remote manifest agent agent="maki"
2026-07-23T13:47:02.167108Z  WARN herdr::detect::manifest_update: skipping unknown remote manifest agent agent="maki"
2026-07-23T14:17:01.537086Z  WARN herdr::detect::manifest_update: skipping unknown remote manifest agent agent="maki"
2026-07-23T14:47:02.068070Z  WARN herdr::detect::manifest_update: skipping unknown remote manifest agent agent="maki"
2026-07-23T15:17:01.758110Z  WARN herdr::detect::manifest_update: skipping unknown remote manifest agent agent="maki"
2026-07-23T15:47:01.658629Z  WARN herdr::detect::manifest_update: skipping unknown remote manifest agent agent="maki"
2026-07-23T20:37:36.901155Z  WARN herdr::detect::manifest_update: skipping unknown remote manifest agent agent="maki"
2026-07-24T07:13:48.210751Z  WARN herdr::detect::manifest_update: skipping unknown remote manifest agent agent="maki"
2026-07-24T07:49:13.727097Z  WARN herdr::detect::manifest_update: skipping unknown remote manifest agent agent="maki"
2026-07-24T08:19:13.972566Z  WARN herdr::detect::manifest_update: skipping unknown remote manifest agent agent="maki"
2026-07-24T08:49:13.938380Z  WARN herdr::detect::manifest_update: skipping unknown remote manifest agent agent="maki"
2026-07-24T09:42:48.707442Z  WARN herdr::detect::manifest_update: skipping unknown remote manifest agent agent="maki"
2026-07-24T10:13:06.444066Z  WARN herdr::detect::manifest_update: agent detection manifest update failed: failed to fetch https://herdr.dev/agent-detection/index.toml
2026-07-24T10:42:48.723924Z  WARN herdr::detect::manifest_update: skipping unknown remote manifest agent agent="maki"
2026-07-24T12:07:24.465705Z  WARN herdr::detect::manifest_update: skipping unknown remote manifest agent agent="maki"
2026-07-24T12:37:24.510264Z  WARN herdr::detect::manifest_update: skipping unknown remote manifest agent agent="maki"
2026-07-24T13:07:24.629991Z  WARN herdr::detect::manifest_update: skipping unknown remote manifest agent agent="maki"
2026-07-24T13:37:24.473771Z  WARN herdr::detect::manifest_update: skipping unknown remote manifest agent agent="maki"
2026-07-24T14:07:24.552243Z  WARN herdr::detect::manifest_update: skipping unknown remote manifest agent agent="maki"
2026-07-24T14:37:24.437503Z  WARN herdr::detect::manifest_update: skipping unknown remote manifest agent agent="maki"
2026-07-24T15:07:24.551085Z  WARN herdr::detect::manifest_update: skipping unknown remote manifest agent agent="maki"
2026-07-24T15:42:38.501035Z  WARN herdr::detect::manifest_update: agent detection manifest update failed: failed to fetch https://herdr.dev/agent-detection/index.toml
2026-07-24T19:45:10.445898Z  INFO herdr::server::headless: client disconnected client_id=2
2026-07-24T19:58:14.202473Z  WARN herdr::detect::manifest_update: skipping unknown remote manifest agent agent="maki"
2026-07-24T20:28:13.913751Z  WARN herdr::detect::manifest_update: skipping unknown remote manifest agent agent="maki"
2026-07-24T20:58:16.078465Z  WARN herdr::detect::manifest_update: skipping unknown remote manifest agent agent="maki"
2026-07-24T21:28:13.680666Z  WARN herdr::detect::manifest_update: skipping unknown remote manifest agent agent="maki"
2026-07-24T21:58:13.814663Z  WARN herdr::detect::manifest_update: skipping unknown remote manifest agent agent="maki"
2026-07-24T22:28:13.768188Z  WARN herdr::detect::manifest_update: skipping unknown remote manifest agent agent="maki"
2026-07-25T03:05:31.895839Z  WARN herdr::detect::manifest_update: agent detection manifest update failed: failed to fetch https://herdr.dev/agent-detection/index.toml
2026-07-25T08:20:26.468541Z  WARN herdr::detect::manifest_update: agent detection manifest update failed: failed to fetch https://herdr.dev/agent-detection/index.toml
2026-07-25T11:21:32.234208Z  WARN herdr::detect::manifest_update: skipping unknown remote manifest agent agent="maki"
2026-07-25T11:51:32.180870Z  WARN herdr::detect::manifest_update: skipping unknown remote manifest agent agent="maki"
2026-07-25T12:21:34.574585Z  WARN herdr::detect::manifest_update: skipping unknown remote manifest agent agent="maki"
2026-07-25T17:26:44.762194Z  WARN herdr::detect::manifest_update: skipping unknown remote manifest agent agent="maki"
2026-07-25T17:56:41.910589Z  WARN herdr::detect::manifest_update: skipping unknown remote manifest agent agent="maki"
2026-07-25T18:26:41.494921Z  WARN herdr::detect::manifest_update: skipping unknown remote manifest agent agent="maki"
2026-07-25T18:56:41.767629Z  WARN herdr::detect::manifest_update: skipping unknown remote manifest agent agent="maki"
2026-07-25T19:26:41.701056Z  WARN herdr::detect::manifest_update: skipping unknown remote manifest agent agent="maki"
2026-07-25T19:56:41.525810Z  WARN herdr::detect::manifest_update: skipping unknown remote manifest agent agent="maki"
2026-07-25T20:26:41.666044Z  WARN herdr::detect::manifest_update: skipping unknown remote manifest agent agent="maki"
2026-07-27T06:02:57.452895Z  WARN herdr::detect::manifest_update: skipping unknown remote manifest agent agent="maki"
2026-07-27T06:17:55.955641Z  INFO herdr::server::headless: client connected client_id=4 cols=236 rows=59 cell_width_px=0 cell_height_px=0 render_encoding=SemanticFrame
2026-07-27T06:17:58.743164Z  INFO herdr::server::headless: client resize client_id=4 cols=185 rows=53 cell_width_px=0 cell_height_px=0
2026-07-27T06:35:52.286379Z  WARN herdr::detect::manifest_update: skipping unknown remote manifest agent agent="maki"
2026-07-27T07:05:52.430780Z  WARN herdr::detect::manifest_update: skipping unknown remote manifest agent agent="maki"
2026-07-27T07:30:25.630311Z  INFO herdr::pane: agent changed pane=9 previous_agent=None agent=Some(OpenCode) process=opencode pgid=Some(2114)
2026-07-27T07:30:35.656783Z  INFO herdr::pane: agent changed pane=9 previous_agent=Some(OpenCode) agent=None pgid=Some(45977)
2026-07-27T07:36:56.474587Z  WARN herdr::detect::manifest_update: skipping unknown remote manifest agent agent="maki"
2026-07-27T07:53:20.779571Z  INFO herdr::pane: agent changed pane=9 previous_agent=None agent=Some(OpenCode) process=opencode pgid=Some(14587)
2026-07-27T07:53:43.284381Z  INFO herdr::pane: agent changed pane=9 previous_agent=None agent=Some(OpenCode) process=opencode pgid=Some(14587)
2026-07-27T07:53:48.303083Z  INFO herdr::logging: session saved event="persist.save" subsystem="persist" outcome="ok" path=/Users/bdumesnildot/.config/herdr/session.json workspaces=6
2026-07-27T08:06:56.378722Z  WARN herdr::detect::manifest_update: skipping unknown remote manifest agent agent="maki"
2026-07-27T08:31:39.677063Z  INFO herdr::pane: agent changed pane=9 previous_agent=Some(OpenCode) agent=None pgid=Some(45977)
2026-07-27T08:31:41.084990Z  INFO herdr::logging: workspace focused event="workspace.focus" subsystem="workspace" outcome="ok" workspace_id="w1"
2026-07-27T08:31:41.085683Z  INFO herdr::logging: tab focused event="tab.focus" subsystem="tab" outcome="ok" workspace_id="w1" tab_id="w1:t2"
2026-07-27T08:31:46.135041Z  INFO herdr::logging: session saved event="persist.save" subsystem="persist" outcome="ok" path=/Users/bdumesnildot/.config/herdr/session.json workspaces=6
2026-07-27T08:36:56.428587Z  WARN herdr::detect::manifest_update: skipping unknown remote manifest agent agent="maki"
2026-07-27T09:06:56.384318Z  WARN herdr::detect::manifest_update: skipping unknown remote manifest agent agent="maki"
2026-07-27T09:36:56.485800Z  WARN herdr::detect::manifest_update: skipping unknown remote manifest agent agent="maki"
2026-07-27T10:06:56.374616Z  WARN herdr::detect::manifest_update: skipping unknown remote manifest agent agent="maki"
2026-07-27T10:36:56.393786Z  WARN herdr::detect::manifest_update: skipping unknown remote manifest agent agent="maki"
2026-07-27T11:06:56.452572Z  WARN herdr::detect::manifest_update: skipping unknown remote manifest agent agent="maki"
2026-07-27T11:36:56.433579Z  WARN herdr::detect::manifest_update: skipping unknown remote manifest agent agent="maki"
2026-07-27T12:11:21.833735Z  WARN herdr::detect::manifest_update: skipping unknown remote manifest agent agent="maki"
2026-07-27T13:27:44.040352Z  WARN herdr::detect::manifest_update: skipping unknown remote manifest agent agent="maki"
2026-07-27T13:49:26.040790Z  INFO herdr::server::headless: client resize client_id=4 cols=198 rows=54 cell_width_px=0 cell_height_px=0
2026-07-27T13:49:26.143504Z  INFO herdr::server::headless: client resize client_id=4 cols=221 rows=57 cell_width_px=0 cell_height_px=0
2026-07-27T13:49:26.244413Z  INFO herdr::server::headless: client resize client_id=4 cols=235 rows=59 cell_width_px=0 cell_height_px=0
2026-07-27T13:49:26.349459Z  INFO herdr::server::headless: client resize client_id=4 cols=236 rows=59 cell_width_px=0 cell_height_px=0
2026-07-27T13:49:33.038320Z  INFO herdr::logging: tab focused event="tab.focus" subsystem="tab" outcome="ok" workspace_id="w1" tab_id="w1:t2"
2026-07-27T13:49:33.039653Z  INFO herdr::logging: spawning pane terminal event="pane.spawn.start" subsystem="pane" outcome="started" pane_id=15 rows=29 cols=105 scrollback_limit_bytes=10000000
2026-07-27T13:49:33.059287Z  INFO herdr::logging: pane child spawned event="pane.spawned" subsystem="pane" outcome="ok" pane_id=15 pid=26023
2026-07-27T13:49:45.429886Z  INFO herdr::logging: session saved event="persist.save" subsystem="persist" outcome="ok" path=/Users/bdumesnildot/.config/herdr/session.json workspaces=6
2026-07-27T13:49:57.821156Z  INFO herdr::logging: session saved event="persist.save" subsystem="persist" outcome="ok" path=/Users/bdumesnildot/.config/herdr/session.json workspaces=6
2026-07-27T13:49:58.762283Z  INFO herdr::logging: tab focused event="tab.focus" subsystem="tab" outcome="ok" workspace_id="w1" tab_id="w1:t2"
2026-07-27T13:50:03.792129Z  INFO herdr::logging: session saved event="persist.save" subsystem="persist" outcome="ok" path=/Users/bdumesnildot/.config/herdr/session.json workspaces=6
2026-07-27T13:50:45.137035Z  INFO herdr::logging: session saved event="persist.save" subsystem="persist" outcome="ok" path=/Users/bdumesnildot/.config/herdr/session.json workspaces=6
2026-07-27T13:50:52.633448Z  INFO herdr::logging: workspace focused event="workspace.focus" subsystem="workspace" outcome="ok" workspace_id="w1"
2026-07-27T13:50:52.633620Z  INFO herdr::logging: tab focused event="tab.focus" subsystem="tab" outcome="ok" workspace_id="w1" tab_id="w1:t2"
2026-07-27T13:50:55.991011Z  INFO herdr::pane: agent changed pane=1 previous_agent=None agent=Some(OpenCode) process=opencode pgid=Some(26309)
2026-07-27T13:50:55.996052Z  INFO herdr::logging: pane child exited event="pane.exit" subsystem="pane" outcome="completed" pane_id=15 status="ExitStatus { code: 1, signal: None }"
2026-07-27T13:50:56.016420Z  INFO herdr::pane: pane session terminated pane=15 pid=26023 signal=Hangup
2026-07-27T13:50:56.016681Z  WARN herdr::app::actions: PaneDied for unknown pane pane=15
2026-07-27T13:50:57.646700Z  INFO herdr::logging: session saved event="persist.save" subsystem="persist" outcome="ok" path=/Users/bdumesnildot/.config/herdr/session.json workspaces=6
2026-07-27T13:51:01.531053Z  INFO herdr::logging: workspace focused event="workspace.focus" subsystem="workspace" outcome="ok" workspace_id="w2"
2026-07-27T13:51:01.531296Z  INFO herdr::logging: tab focused event="tab.focus" subsystem="tab" outcome="ok" workspace_id="w2" tab_id="w2:t1"
2026-07-27T13:51:04.567691Z  INFO herdr::pane: agent changed pane=8 previous_agent=None agent=Some(OpenCode) process=opencode pgid=Some(26941)
2026-07-27T13:51:06.565103Z  INFO herdr::logging: session saved event="persist.save" subsystem="persist" outcome="ok" path=/Users/bdumesnildot/.config/herdr/session.json workspaces=6
2026-07-27T13:51:08.762432Z  INFO herdr::logging: workspace focused event="workspace.focus" subsystem="workspace" outcome="ok" workspace_id="w1"
2026-07-27T13:51:08.762527Z  INFO herdr::logging: tab focused event="tab.focus" subsystem="tab" outcome="ok" workspace_id="w1" tab_id="w1:t2"
2026-07-27T13:51:13.794831Z  INFO herdr::logging: session saved event="persist.save" subsystem="persist" outcome="ok" path=/Users/bdumesnildot/.config/herdr/session.json workspaces=6
2026-07-27T13:51:31.897992Z  INFO herdr::logging: workspace focused event="workspace.focus" subsystem="workspace" outcome="ok" workspace_id="w2"
2026-07-27T13:51:31.899144Z  INFO herdr::logging: tab focused event="tab.focus" subsystem="tab" outcome="ok" workspace_id="w2" tab_id="w2:t1"
2026-07-27T13:51:35.522880Z  INFO herdr::pane: agent changed pane=8 previous_agent=Some(OpenCode) agent=None pgid=Some(45631)
2026-07-27T13:51:36.471236Z  INFO herdr::logging: workspace focused event="workspace.focus" subsystem="workspace" outcome="ok" workspace_id="w1"
2026-07-27T13:51:36.471273Z  INFO herdr::logging: tab focused event="tab.focus" subsystem="tab" outcome="ok" workspace_id="w1" tab_id="w1:t2"
2026-07-27T13:51:38.482567Z  INFO herdr::pane: agent changed pane=1 previous_agent=Some(OpenCode) agent=None pgid=Some(45612)
2026-07-27T13:51:40.385849Z  INFO herdr::server::headless: client resize client_id=4 cols=118 rows=29 cell_width_px=0 cell_height_px=0
2026-07-27T13:51:40.490979Z  INFO herdr::server::headless: client resize client_id=4 cols=236 rows=59 cell_width_px=0 cell_height_px=0
2026-07-27T13:51:40.910788Z  INFO herdr::server::headless: client resize client_id=4 cols=185 rows=53 cell_width_px=0 cell_height_px=0
2026-07-27T13:51:41.497280Z  INFO herdr::logging: session saved event="persist.save" subsystem="persist" outcome="ok" path=/Users/bdumesnildot/.config/herdr/session.json workspaces=6
2026-07-27T14:11:52.907296Z  WARN herdr::detect::manifest_update: skipping unknown remote manifest agent agent="maki"
2026-07-27T23:43:11.605282Z  WARN herdr::detect::manifest_update: skipping unknown remote manifest agent agent="maki"
2026-07-28T07:56:32.975195Z  WARN herdr::detect::manifest_update: skipping unknown remote manifest agent agent="maki"
2026-07-28T08:29:10.015428Z  WARN herdr::detect::manifest_update: skipping unknown remote manifest agent agent="maki"
2026-07-28T08:59:09.858427Z  WARN herdr::detect::manifest_update: skipping unknown remote manifest agent agent="maki"
2026-07-28T09:25:03.165053Z  INFO herdr::app::actions: copied selection to clipboard
2026-07-28T09:25:08.821427Z  INFO herdr::app::actions: copied selection to clipboard
2026-07-28T09:25:19.816448Z  INFO herdr::app::actions: copied selection to clipboard
2026-07-28T09:29:10.039676Z  WARN herdr::detect::manifest_update: skipping unknown remote manifest agent agent="maki"
2026-07-28T09:32:56.957735Z  INFO herdr::logging: tab focused event="tab.focus" subsystem="tab" outcome="ok" workspace_id="w1" tab_id="w1:t3"
2026-07-28T09:33:00.309203Z  INFO herdr::logging: tab focused event="tab.focus" subsystem="tab" outcome="ok" workspace_id="w1" tab_id="w1:t2"
2026-07-28T09:33:05.353531Z  INFO herdr::logging: session saved event="persist.save" subsystem="persist" outcome="ok" path=/Users/bdumesnildot/.config/herdr/session.json workspaces=6
2026-07-28T09:33:07.670413Z  INFO herdr::logging: tab focused event="tab.focus" subsystem="tab" outcome="ok" workspace_id="w1" tab_id="w1:t3"
2026-07-28T09:33:12.720383Z  INFO herdr::logging: session saved event="persist.save" subsystem="persist" outcome="ok" path=/Users/bdumesnildot/.config/herdr/session.json workspaces=6
2026-07-28T09:33:27.841607Z  INFO herdr::logging: tab focused event="tab.focus" subsystem="tab" outcome="ok" workspace_id="w1" tab_id="w1:t2"
2026-07-28T09:33:32.885808Z  INFO herdr::logging: session saved event="persist.save" subsystem="persist" outcome="ok" path=/Users/bdumesnildot/.config/herdr/session.json workspaces=6
2026-07-28T09:34:38.226747Z  INFO herdr::logging: tab focused event="tab.focus" subsystem="tab" outcome="ok" workspace_id="w1" tab_id="w1:t3"
2026-07-28T09:34:43.270174Z  INFO herdr::logging: session saved event="persist.save" subsystem="persist" outcome="ok" path=/Users/bdumesnildot/.config/herdr/session.json workspaces=6
2026-07-28T09:36:04.874239Z  INFO herdr::logging: tab focused event="tab.focus" subsystem="tab" outcome="ok" workspace_id="w1" tab_id="w1:t2"
2026-07-28T09:36:09.912716Z  INFO herdr::logging: session saved event="persist.save" subsystem="persist" outcome="ok" path=/Users/bdumesnildot/.config/herdr/session.json workspaces=6
2026-07-28T09:41:03.037712Z  INFO herdr::logging: tab focused event="tab.focus" subsystem="tab" outcome="ok" workspace_id="w1" tab_id="w1:t3"
2026-07-28T09:41:08.074875Z  INFO herdr::logging: session saved event="persist.save" subsystem="persist" outcome="ok" path=/Users/bdumesnildot/.config/herdr/session.json workspaces=6
2026-07-28T09:42:16.918066Z  INFO herdr::app::actions: copied selection to clipboard
2026-07-28T09:42:24.659550Z  INFO herdr::app::actions: copied selection to clipboard
2026-07-28T09:42:26.967801Z  INFO herdr::logging: tab focused event="tab.focus" subsystem="tab" outcome="ok" workspace_id="w1" tab_id="w1:t2"
2026-07-28T09:42:32.006164Z  INFO herdr::logging: session saved event="persist.save" subsystem="persist" outcome="ok" path=/Users/bdumesnildot/.config/herdr/session.json workspaces=6
2026-07-28T09:50:43.587425Z  INFO herdr::logging: tab focused event="tab.focus" subsystem="tab" outcome="ok" workspace_id="w1" tab_id="w1:t3"
2026-07-28T09:50:48.656071Z  INFO herdr::logging: session saved event="persist.save" subsystem="persist" outcome="ok" path=/Users/bdumesnildot/.config/herdr/session.json workspaces=6
2026-07-28T09:51:16.606998Z  INFO herdr::logging: tab focused event="tab.focus" subsystem="tab" outcome="ok" workspace_id="w1" tab_id="w1:t2"
2026-07-28T09:51:21.650559Z  INFO herdr::logging: session saved event="persist.save" subsystem="persist" outcome="ok" path=/Users/bdumesnildot/.config/herdr/session.json workspaces=6
2026-07-28T09:51:29.953292Z  INFO herdr::logging: tab focused event="tab.focus" subsystem="tab" outcome="ok" workspace_id="w1" tab_id="w1:t3"
2026-07-28T09:51:34.997519Z  INFO herdr::logging: session saved event="persist.save" subsystem="persist" outcome="ok" path=/Users/bdumesnildot/.config/herdr/session.json workspaces=6
2026-07-28T09:51:45.386402Z  INFO herdr::logging: tab focused event="tab.focus" subsystem="tab" outcome="ok" workspace_id="w1" tab_id="w1:t2"
2026-07-28T09:51:50.429797Z  INFO herdr::logging: session saved event="persist.save" subsystem="persist" outcome="ok" path=/Users/bdumesnildot/.config/herdr/session.json workspaces=6
2026-07-28T09:52:08.262729Z  INFO herdr::logging: tab focused event="tab.focus" subsystem="tab" outcome="ok" workspace_id="w1" tab_id="w1:t3"
2026-07-28T09:52:13.306969Z  INFO herdr::logging: session saved event="persist.save" subsystem="persist" outcome="ok" path=/Users/bdumesnildot/.config/herdr/session.json workspaces=6
2026-07-28T09:56:34.313765Z  INFO herdr::app::actions: copied selection to clipboard
2026-07-28T09:56:37.922339Z  INFO herdr::logging: tab focused event="tab.focus" subsystem="tab" outcome="ok" workspace_id="w1" tab_id="w1:t2"
2026-07-28T09:56:42.961713Z  INFO herdr::logging: session saved event="persist.save" subsystem="persist" outcome="ok" path=/Users/bdumesnildot/.config/herdr/session.json workspaces=6
2026-07-28T09:58:34.700499Z  INFO herdr::logging: workspace focused event="workspace.focus" subsystem="workspace" outcome="ok" workspace_id="w6"
2026-07-28T09:58:34.700954Z  INFO herdr::logging: tab focused event="tab.focus" subsystem="tab" outcome="ok" workspace_id="w6" tab_id="w6:t1"
2026-07-28T09:58:39.737738Z  INFO herdr::logging: session saved event="persist.save" subsystem="persist" outcome="ok" path=/Users/bdumesnildot/.config/herdr/session.json workspaces=6
2026-07-28T09:59:17.395343Z  INFO herdr::logging: workspace focused event="workspace.focus" subsystem="workspace" outcome="ok" workspace_id="w1"
2026-07-28T09:59:17.396661Z  INFO herdr::logging: tab focused event="tab.focus" subsystem="tab" outcome="ok" workspace_id="w1" tab_id="w1:t2"
2026-07-28T09:59:22.438740Z  INFO herdr::logging: session saved event="persist.save" subsystem="persist" outcome="ok" path=/Users/bdumesnildot/.config/herdr/session.json workspaces=6
2026-07-28T10:00:28.412556Z  INFO herdr::logging: tab focused event="tab.focus" subsystem="tab" outcome="ok" workspace_id="w1" tab_id="w1:t3"
2026-07-28T10:00:33.457601Z  INFO herdr::logging: session saved event="persist.save" subsystem="persist" outcome="ok" path=/Users/bdumesnildot/.config/herdr/session.json workspaces=6
2026-07-28T10:00:35.761138Z  INFO herdr::logging: tab focused event="tab.focus" subsystem="tab" outcome="ok" workspace_id="w1" tab_id="w1:t2"
2026-07-28T10:00:40.795758Z  INFO herdr::logging: session saved event="persist.save" subsystem="persist" outcome="ok" path=/Users/bdumesnildot/.config/herdr/session.json workspaces=6
2026-07-28T10:01:33.110750Z  WARN herdr::detect::manifest_update: skipping unknown remote manifest agent agent="maki"
2026-07-28T10:34:36.564294Z  WARN herdr::detect::manifest_update: skipping unknown remote manifest agent agent="maki"
2026-07-28T11:09:20.156575Z  WARN herdr::detect::manifest_update: skipping unknown remote manifest agent agent="maki"
2026-07-28T11:39:20.167087Z  WARN herdr::detect::manifest_update: skipping unknown remote manifest agent agent="maki"
2026-07-28T12:18:52.290922Z  WARN herdr::detect::manifest_update: skipping unknown remote manifest agent agent="maki"
2026-07-28T12:48:52.294574Z  WARN herdr::detect::manifest_update: skipping unknown remote manifest agent agent="maki"
2026-07-28T13:18:52.358291Z  WARN herdr::detect::manifest_update: skipping unknown remote manifest agent agent="maki"
2026-07-28T13:48:52.301518Z  WARN herdr::detect::manifest_update: skipping unknown remote manifest agent agent="maki"
2026-07-28T14:18:52.253358Z  WARN herdr::detect::manifest_update: skipping unknown remote manifest agent agent="maki"
2026-07-28T16:01:58.226027Z  WARN herdr::detect::manifest_update: skipping unknown remote manifest agent agent="maki"
2026-07-29T07:03:40.555140Z  WARN herdr::detect::manifest_update: skipping unknown remote manifest agent agent="maki"
2026-07-29T07:33:40.666624Z  WARN herdr::detect::manifest_update: skipping unknown remote manifest agent agent="maki"
2026-07-29T07:37:23.014503Z  INFO herdr::server::headless: client disconnected client_id=4
2026-07-29T07:45:04.321598Z  INFO herdr::server::headless: server shutdown initiated
2026-07-29T07:45:04.376805Z  INFO herdr::server::headless: completing server shutdown
2026-07-29T07:45:04.421393Z  INFO herdr::logging: session saved event="persist.save" subsystem="persist" outcome="ok" path=/Users/bdumesnildot/.config/herdr/session.json workspaces=6
2026-07-29T07:45:04.421806Z  INFO herdr::server::headless: headless server exiting
2026-07-29T07:45:04.437192Z  INFO herdr::logging: pane child exited event="pane.exit" subsystem="pane" outcome="completed" pane_id=9 status="ExitStatus { code: 1, signal: None }"
2026-07-29T07:45:04.448302Z  INFO herdr::pane: pane session terminated pane=9 pid=45977 signal=Hangup
2026-07-29T07:45:04.461827Z  INFO herdr::logging: pane child exited event="pane.exit" subsystem="pane" outcome="completed" pane_id=8 status="ExitStatus { code: 1, signal: None }"
2026-07-29T07:45:04.477237Z  INFO herdr::pane: pane session terminated pane=8 pid=45631 signal=Hangup
2026-07-29T07:45:05.016366Z  INFO herdr::logging: pane child exited event="pane.exit" subsystem="pane" outcome="completed" pane_id=1 status="ExitStatus { code: 1, signal: Some(\"Killed: 9\") }"
2026-07-29T07:45:05.035903Z  INFO herdr::pane: pane session terminated pane=1 pid=45612 signal=Kill
2026-07-29T07:45:05.560053Z  INFO herdr::logging: pane child exited event="pane.exit" subsystem="pane" outcome="completed" pane_id=14 status="ExitStatus { code: 1, signal: Some(\"Killed: 9\") }"
2026-07-29T07:45:05.576587Z  INFO herdr::pane: pane session terminated pane=14 pid=14786 signal=Kill
2026-07-29T07:45:06.102571Z  INFO herdr::logging: pane child exited event="pane.exit" subsystem="pane" outcome="completed" pane_id=2 status="ExitStatus { code: 1, signal: Some(\"Killed: 9\") }"
2026-07-29T07:45:06.121508Z  INFO herdr::pane: pane session terminated pane=2 pid=45613 signal=Kill
2026-07-29T07:45:06.656651Z  INFO herdr::logging: pane child exited event="pane.exit" subsystem="pane" outcome="completed" pane_id=5 status="ExitStatus { code: 1, signal: Some(\"Killed: 9\") }"
2026-07-29T07:45:06.673974Z  INFO herdr::pane: pane session terminated pane=5 pid=45619 signal=Kill
2026-07-29T07:45:07.196122Z  INFO herdr::logging: pane child exited event="pane.exit" subsystem="pane" outcome="completed" pane_id=7 status="ExitStatus { code: 1, signal: Some(\"Killed: 9\") }"
2026-07-29T07:45:07.211625Z  INFO herdr::pane: pane session terminated pane=7 pid=45627 signal=Kill
2026-07-29T07:45:07.724775Z  INFO herdr::logging: pane child exited event="pane.exit" subsystem="pane" outcome="completed" pane_id=13 status="ExitStatus { code: 1, signal: Some(\"Killed: 9\") }"
2026-07-29T07:45:07.742917Z  INFO herdr::pane: pane session terminated pane=13 pid=88702 signal=Kill
2026-07-29T07:45:08.277104Z  INFO herdr::logging: pane child exited event="pane.exit" subsystem="pane" outcome="completed" pane_id=4 status="ExitStatus { code: 1, signal: Some(\"Killed: 9\") }"
2026-07-29T07:45:08.298446Z  INFO herdr::pane: pane session terminated pane=4 pid=45617 signal=Kill
2026-07-29T07:45:08.305082Z  INFO herdr::logging: herdr exiting event="app.shutdown" subsystem="server" outcome="completed" pid=45611
2026-07-29T07:45:16.501560Z  INFO herdr::platform::macos: raised server file descriptor soft limit previous=256 target=8192
2026-07-29T07:45:16.503567Z  INFO herdr::api::server: api server listening path=/Users/bdumesnildot/.config/herdr/herdr.sock
2026-07-29T07:45:16.512041Z  INFO herdr::logging: spawning pane terminal event="pane.spawn.start" subsystem="pane" outcome="started" pane_id=1 rows=24 cols=80 scrollback_limit_bytes=10000000
2026-07-29T07:45:16.518732Z  INFO herdr::logging: pane child spawned event="pane.spawned" subsystem="pane" outcome="ok" pane_id=1 pid=50313
2026-07-29T07:45:16.519665Z  INFO herdr::logging: spawning pane terminal event="pane.spawn.start" subsystem="pane" outcome="started" pane_id=2 rows=24 cols=80 scrollback_limit_bytes=10000000
2026-07-29T07:45:16.524004Z  INFO herdr::logging: pane child spawned event="pane.spawned" subsystem="pane" outcome="ok" pane_id=2 pid=50314
2026-07-29T07:45:16.525524Z  INFO herdr::logging: spawning pane terminal event="pane.spawn.start" subsystem="pane" outcome="started" pane_id=3 rows=24 cols=80 scrollback_limit_bytes=10000000
2026-07-29T07:45:16.528233Z  INFO herdr::logging: pane child spawned event="pane.spawned" subsystem="pane" outcome="ok" pane_id=3 pid=50317
2026-07-29T07:45:16.528395Z  INFO herdr::logging: spawning pane terminal event="pane.spawn.start" subsystem="pane" outcome="started" pane_id=4 rows=24 cols=80 scrollback_limit_bytes=10000000
2026-07-29T07:45:16.530143Z  INFO herdr::logging: pane child spawned event="pane.spawned" subsystem="pane" outcome="ok" pane_id=4 pid=50319
2026-07-29T07:45:16.531632Z  INFO herdr::logging: spawning pane terminal event="pane.spawn.start" subsystem="pane" outcome="started" pane_id=5 rows=24 cols=80 scrollback_limit_bytes=10000000
2026-07-29T07:45:16.534548Z  INFO herdr::logging: pane child spawned event="pane.spawned" subsystem="pane" outcome="ok" pane_id=5 pid=50322
2026-07-29T07:45:16.536175Z  INFO herdr::logging: spawning pane terminal event="pane.spawn.start" subsystem="pane" outcome="started" pane_id=6 rows=24 cols=80 scrollback_limit_bytes=10000000
2026-07-29T07:45:16.539726Z  INFO herdr::logging: pane child spawned event="pane.spawned" subsystem="pane" outcome="ok" pane_id=6 pid=50329
2026-07-29T07:45:16.542073Z  INFO herdr::logging: spawning pane terminal event="pane.spawn.start" subsystem="pane" outcome="started" pane_id=7 rows=24 cols=80 scrollback_limit_bytes=10000000
2026-07-29T07:45:16.546686Z  INFO herdr::logging: pane child spawned event="pane.spawned" subsystem="pane" outcome="ok" pane_id=7 pid=50336
2026-07-29T07:45:16.546900Z  INFO herdr::logging: spawning pane terminal event="pane.spawn.start" subsystem="pane" outcome="started" pane_id=8 rows=24 cols=80 scrollback_limit_bytes=10000000
2026-07-29T07:45:16.550803Z  INFO herdr::logging: pane child spawned event="pane.spawned" subsystem="pane" outcome="ok" pane_id=8 pid=50343
2026-07-29T07:45:16.552121Z  INFO herdr::logging: spawning pane terminal event="pane.spawn.start" subsystem="pane" outcome="started" pane_id=9 rows=24 cols=80 scrollback_limit_bytes=10000000
2026-07-29T07:45:16.556983Z  INFO herdr::logging: pane child spawned event="pane.spawned" subsystem="pane" outcome="ok" pane_id=9 pid=50351
2026-07-29T07:45:16.558545Z  INFO herdr::logging: session restore evaluated event="persist.restore" subsystem="persist" outcome="ok" workspaces=6
2026-07-29T07:45:16.558926Z  INFO herdr::app: using pane scrollback configuration pane_scrollback_limit_bytes=10000000
2026-07-29T07:45:16.616255Z  INFO herdr::logging: checking for updates event="update.check.start" subsystem="update" outcome="started"
2026-07-29T07:45:16.625859Z  INFO herdr::server::headless: restored session already has workspaces; ignoring startup cwd cwd=/Users/bdumesnildot
2026-07-29T07:45:16.626977Z  INFO herdr::server::headless: client protocol socket listening path=/Users/bdumesnildot/.config/herdr/herdr-client.sock
2026-07-29T07:45:16.627078Z  INFO herdr::server::headless: herdr server started api_socket=/Users/bdumesnildot/.config/herdr/herdr.sock client_socket=/Users/bdumesnildot/.config/herdr/herdr-client.sock
2026-07-29T07:45:16.629312Z  INFO herdr::logging: herdr starting event="app.startup" subsystem="server" outcome="started" pid=50312
2026-07-29T07:45:16.840785Z  INFO herdr::server::headless: client connected client_id=2 cols=185 rows=53 cell_width_px=0 cell_height_px=0 render_encoding=SemanticFrame
2026-07-29T07:45:32.577420Z  INFO herdr::logging: workspace focused event="workspace.focus" subsystem="workspace" outcome="ok" workspace_id="w2"
2026-07-29T07:45:32.577556Z  INFO herdr::logging: tab focused event="tab.focus" subsystem="tab" outcome="ok" workspace_id="w2" tab_id="w2:t1"
2026-07-29T07:45:37.610762Z  INFO herdr::logging: session saved event="persist.save" subsystem="persist" outcome="ok" path=/Users/bdumesnildot/.config/herdr/session.json workspaces=6
2026-07-29T07:48:50.545603Z  INFO herdr::app::actions: copied selection to clipboard
2026-07-29T07:56:37.741398Z  INFO herdr::app::actions: copied selection to clipboard
2026-07-29T07:57:13.920232Z  INFO herdr::app::actions: copied selection to clipboard
2026-07-29T07:58:20.440782Z  INFO herdr::app::actions: copied selection to clipboard
2026-07-29T07:59:14.576378Z  INFO herdr::app::actions: copied selection to clipboard
2026-07-29T08:02:39.207018Z  INFO herdr::app::actions: copied selection to clipboard
2026-07-29T08:03:49.366896Z  INFO herdr::app::actions: copied selection to clipboard
2026-07-29T08:04:28.701087Z  INFO herdr::logging: spawning pane terminal event="pane.spawn.start" subsystem="pane" outcome="started" pane_id=10 rows=52 cols=159 scrollback_limit_bytes=10000000
2026-07-29T08:04:28.709856Z  INFO herdr::logging: pane child spawned event="pane.spawned" subsystem="pane" outcome="ok" pane_id=10 pid=57968
2026-07-29T08:04:28.710368Z  INFO herdr::logging: tab focused event="tab.focus" subsystem="tab" outcome="ok" workspace_id="w2" tab_id="w2:t2"
2026-07-29T08:04:33.748021Z  INFO herdr::logging: session saved event="persist.save" subsystem="persist" outcome="ok" path=/Users/bdumesnildot/.config/herdr/session.json workspaces=6
2026-07-29T08:10:45.998453Z  INFO herdr::app::actions: copied selection to clipboard
2026-07-29T08:12:25.204348Z  INFO herdr::logging: workspace focused event="workspace.focus" subsystem="workspace" outcome="ok" workspace_id="wA"
2026-07-29T08:12:25.204603Z  INFO herdr::logging: tab focused event="tab.focus" subsystem="tab" outcome="ok" workspace_id="wA" tab_id="wA:t4"
2026-07-29T08:12:30.231888Z  INFO herdr::logging: session saved event="persist.save" subsystem="persist" outcome="ok" path=/Users/bdumesnildot/.config/herdr/session.json workspaces=6
2026-07-29T08:12:35.186420Z  INFO herdr::pane: agent changed pane=9 previous_agent=None agent=Some(OpenCode) process=opencode pgid=Some(64701)
2026-07-29T08:13:07.825090Z  INFO herdr::pane: agent changed pane=9 previous_agent=None agent=Some(OpenCode) process=opencode pgid=Some(64701)
2026-07-29T08:13:12.826694Z  INFO herdr::logging: session saved event="persist.save" subsystem="persist" outcome="ok" path=/Users/bdumesnildot/.config/herdr/session.json workspaces=6
2026-07-29T08:14:21.181579Z  INFO herdr::logging: workspace focused event="workspace.focus" subsystem="workspace" outcome="ok" workspace_id="w2"
2026-07-29T08:14:21.182843Z  INFO herdr::logging: tab focused event="tab.focus" subsystem="tab" outcome="ok" workspace_id="w2" tab_id="w2:t2"
2026-07-29T08:14:26.213245Z  INFO herdr::logging: session saved event="persist.save" subsystem="persist" outcome="ok" path=/Users/bdumesnildot/.config/herdr/session.json workspaces=6
2026-07-29T08:15:16.643382Z  INFO herdr::logging: checking for updates event="update.check.start" subsystem="update" outcome="started"
2026-07-29T08:15:38.032592Z  INFO herdr::pane: agent changed pane=10 previous_agent=None agent=Some(OpenCode) process=opencode pgid=Some(65564)
2026-07-29T08:15:40.238042Z  INFO herdr::logging: tab focused event="tab.focus" subsystem="tab" outcome="ok" workspace_id="w2" tab_id="w2:t1"
2026-07-29T08:15:41.983067Z  INFO herdr::logging: tab focused event="tab.focus" subsystem="tab" outcome="ok" workspace_id="w2" tab_id="w2:t2"
2026-07-29T08:15:47.019870Z  INFO herdr::logging: session saved event="persist.save" subsystem="persist" outcome="ok" path=/Users/bdumesnildot/.config/herdr/session.json workspaces=6
2026-07-29T08:15:56.256009Z  INFO herdr::pane: agent changed pane=10 previous_agent=Some(OpenCode) agent=None pgid=Some(57968)
